PC1,PC2,PC3,PC4,PC5,PC6,PC7,PC8,Label
-2474.4185,-3195.848,-1297.4963,-1239.906,1534.5577,-663.3162,-1909.1074,1539.22,0
-1516.4951,-1492.1394,113.78011,2106.8076,623.3778,420.4714,410.49887,-393.27866,0
471.0817,2738.9084,1536.6621,-170.66032,579.7401,532.69366,1756.7375,173.72168,0
-1516.687,1300.0999,2.7168028,-1663.6323,-1504.0299,-182.44118,278.42093,-164.23349,0
-3423.0203,2464.2795,1738.6323,-270.73343,1895.1306,-939.5536,2114.1018,1121.2783,0
-2376.3757,1005.04315,786.3033,40.976048,1056.8162,-708.0348,-196.9082,771.0371,0
-814.11743,3069.8809,2523.6167,-516.44446,2213.672,363.8745,1735.403,-137.76268,0
2141.5337,-1598.4818,-1988.8042,1426.3611,-1422.1334,1067.402,1654.6403,1242.3862,0
-1933.0319,429.48642,-1045.5679,252.45811,-1060.3921,-869.61865,-1648.0907,563.01154,0
1734.642,-960.575,48.363194,1882.3262,1397.0499,1548.3904,-2195.9507,326.9531,0
-1297.327,1404.0835,-290.23132,-3724.3655,846.1342,-223.65991,2027.3618,1590.4257,0
815.20624,-2405.2605,-2767.686,-2060.4238,743.9212,-679.6937,-2385.6777,129.81523,0
-655.8353,2224.6602,871.02216,-2992.75,1586.3965,162.02873,613.24567,211.64207,0
-2679.2485,1851.13,655.2936,439.0255,394.9972,-470.60684,1729.5117,-93.58479,0
488.07678,2478.93,1456.9082,-133.00354,706.419,656.67285,1720.1318,246.39032,0
-1660.8539,183.00508,-50.073296,-1870.9099,623.2093,490.23187,1407.3481,1015.33484,0
-2612.773,2111.6472,1104.1941,-1177.4169,1722.3102,-333.62326,849.911,132.19905,0
555.46796,2793.855,2766.2122,1215.0636,1810.3977,-395.68002,425.04944,492.58136,0
-1533.8328,-2601.341,-1928.6743,387.99268,230.734,-110.04666,-303.17383,-144.79436,0
-2965.0906,889.1807,1201.6091,919.88116,290.7516,-1061.9679,549.18726,-199.82938,0
664.61304,2902.749,163.62286,645.76215,-599.098,651.9195,1296.3799,-113.40197,0
2967.1418,1014.96564,-3264.0586,1877.2495,-1815.0342,-189.94618,-1021.3885,461.21738,0
281.57236,3141.3694,2733.3162,1451.7865,1192.2349,7.003163,597.8266,1241.3538,0
481.88217,2523.9565,-1907.4348,-2033.3984,1162.7131,-1860.7017,137.32275,451.2866,0
-1631.9438,1182.2761,-297.70892,-3013.0933,761.617,329.07916,334.41537,1043.4749,0
-3060.2424,1313.7572,-275.93875,-1200.5082,-520.5381,-692.9409,625.4253,1036.0079,0
-1654.1085,1932.8586,2267.739,-1070.1527,1233.9628,-67.79149,-507.32336,1048.463,0
-2315.6526,-1804.3065,949.5647,2630.6953,2154.4717,611.2834,-440.80368,842.3754,0
-2229.2332,2153.6135,10.397156,342.53564,-342.11993,-655.76276,2064.9736,-515.3703,0
-2506.4072,1755.0591,1682.4215,863.8023,1511.2495,-1096.6191,1172.229,732.5627,0
-2362.753,1018.2022,238.07881,-227.1693,-822.709,-301.6846,436.90924,-1267.8032,0
-256.47705,1960.5057,1326.2057,1392.4192,449.33273,-407.5563,866.77264,858.9505,0
-831.39526,-1338.309,-247.31876,1670.359,-69.86207,26.291191,-961.169,461.05853,0
-174.13588,2582.2446,1964.1455,-274.3008,1769.5797,322.15826,714.9405,155.80417,0
-2399.323,1611.8065,1861.8993,506.74005,639.08685,-24.542786,1190.1547,558.2863,0
-403.0741,-116.42983,1260.4208,-2018.6698,114.67661,1486.6003,146.9179,257.61435,0
-1210.9945,688.57745,-925.3664,-638.3671,-376.6433,-505.10315,-547.7291,1534.1512,0
-1748.5945,1106.8896,-879.83405,108.31892,-973.306,-1378.6542,1570.2083,60.695923,0
2440.557,1482.2281,-3438.2983,-1067.0349,-137.01137,-1066.426,-3194.3577,-551.5768,0
2556.5178,2989.069,-1850.5057,1170.1117,-127.5653,-324.11902,757.2677,21.956026,0
-27.318157,-2263.3306,-2044.8269,1015.45184,1119.5193,-277.06976,-1072.6776,390.01666,0
1957.8898,2838.2263,-744.19183,-871.9056,772.66125,45.538677,1874.2542,-187.31586,0
826.94366,3354.2183,-1930.1128,-1851.825,182.25732,-1243.3502,594.0088,1018.55133,0
339.6881,-3456.5444,549.08856,-2140.0312,1832.7963,-448.29422,-826.1108,253.09769,0
-1923.672,786.53644,2154.2715,-0.5348993,1900.0677,-745.1007,-419.6704,994.0377,0
-255.57518,-1795.6063,1313.6836,865.03467,2189.2876,-587.45123,-2047.8994,1497.0486,0
-1022.2572,-790.0749,-1097.9042,-1452.954,852.64954,923.94116,997.8278,556.86273,0
1963.9733,4378.7725,-1884.7017,168.43613,5.305185,-1227.0272,1919.7255,310.1622,0
56.09748,2431.348,-399.7607,1349.1135,-3122.0571,554.97345,2301.59,1620.7675,0
880.28406,1031.3773,654.46356,-2697.7537,1220.8217,964.76544,-523.5889,-1542.6599,0
2769.9993,1767.3832,-3527.069,-516.64624,-446.6969,-910.5095,-3182.099,-196.59033,0
-2892.5798,135.9712,2148.5066,1969.8922,891.21313,-1533.893,462.0413,440.50677,0
2037.2758,-635.7587,-2217.223,-477.0475,437.78146,31.052597,-2474.6511,123.33598,0
3494.4482,-848.56586,-1230.2621,-52.729202,-620.04126,-226.127,-810.03156,-193.04817,0
-393.34802,1029.1761,-70.0393,-196.38565,1119.1444,1503.9952,650.1266,-263.30228,0
706.33563,-1525.7844,-1828.6595,720.5284,722.9072,-1984.3351,-1009.1516,370.91287,0
325.52014,2104.7102,-1926.1847,-298.97266,1125.2289,-1237.5486,78.00932,43.768066,0
-1104.5032,1063.9088,494.50195,1008.3404,871.3216,-502.19855,182.6045,915.6393,0
-1255.3969,2237.457,1086.5236,-1108.7804,1410.307,-23.106792,625.02747,1094.2399,0
2542.9304,-1076.4512,-1283.5846,-1212.9343,1137.2139,1861.0587,-8.11818,-1510.0485,0
-1553.5018,2298.3682,797.63153,-136.89528,541.9071,99.09289,1580.1277,442.62384,0
1542.3148,1922.5143,-2760.2783,2152.9863,-913.1439,-932.50726,2421.984,1808.5122,0
-663.9532,3078.81,-523.38336,-1681.1453,-335.8964,2.4263484,1531.6708,933.62805,0
-1739.9769,-1516.9156,-45.588856,2942.4265,498.0264,-424.87912,593.5839,-885.71387,0
-2180.632,-1484.7335,1982.7656,-660.536,-183.8546,-849.4091,-305.802,968.57715,0
-2487.2705,1736.6085,-403.7119,-625.1504,-1734.8041,-130.167,-620.48737,571.9777,0
-428.0722,-1652.4807,1273.7207,836.41144,2187.4492,-876.36615,-1598.7965,1679.6199,0
-1594.2838,1986.3605,199.3767,525.60657,-678.0786,-1801.3224,1286.9958,56.022484,0
1149.3096,2411.588,2215.5408,2469.2153,1095.5974,1468.032,77.34927,519.4642,0
-1264.1172,-746.90796,-173.10161,2597.2493,585.1981,-1135.8582,236.75978,904.5022,0
-1298.9122,-2068.394,262.67944,-439.9909,2594.6948,681.0438,-2224.3887,1471.3917,0
-3483.063,-215.10962,926.7792,-66.48592,720.54865,-2425.3484,-2115.812,495.22763,0
1148.5007,-1803.1322,-970.9377,-1532.9512,31.961693,1140.3245,633.8003,995.38794,0
-1851.8893,856.3618,-479.8717,-3036.5078,-163.92377,165.32825,1027.3152,545.54584,0
3472.6436,957.95105,-3086.6504,2367.638,-713.57043,754.31433,-172.45676,-1211.78,0
-362.13336,3458.6038,638.80536,-2671.1038,1115.8424,-699.1396,2304.4385,-292.72427,0
2641.0762,-1595.9022,-764.88464,2642.2983,-566.08276,2518.7231,854.741,636.32764,0
-2107.6982,20.201487,1848.3763,-209.72948,1802.8329,-1075.7278,-2487.6858,1641.911,0
-1155.6882,2093.064,2588.6697,-756.4149,2687.7705,-331.0818,-295.44858,-49.169724,0
-362.2956,2178.2932,649.6142,-1585.8484,85.116875,1977.004,-793.1495,-864.75464,0
-1101.0942,2901.9866,2524.929,314.46722,306.0431,-1133.263,2632.2463,682.52344,0
666.4803,-1640.3812,-1344.0018,-877.20435,824.0817,2386.4155,-1053.1138,-321.44598,0
921.8661,2472.79,351.83167,1233.4108,-3167.508,1631.8413,2829.6758,774.90735,0
-2609.102,924.5087,-958.8063,-326.73474,-33.86989,-2061.381,786.81024,813.26697,0
1811.4824,-397.2862,-2757.0488,-2020.1115,40.94587,490.53857,-104.087395,442.58273,0
725.2186,2810.3247,-444.63208,-2133.8735,1514.2853,596.1533,1302.9583,-563.71375,0
199.27472,1241.1366,382.5056,-1759.5724,494.98547,1528.3535,1272.6611,5.1168017,0
1045.9518,1851.8577,363.46292,-1969.1471,169.04538,940.1463,351.30304,-1584.6155,0
-380.50708,355.7867,-887.7968,-2743.6497,1265.8679,1540.2628,363.43063,513.8965,0
2156.4294,-752.5647,-2940.29,2595.7126,-2381.8884,426.74377,1659.2627,1911.8018,0
2948.6887,-1129.8729,-723.385,1887.2551,-461.50955,1608.7095,999.3741,836.5899,0
-580.41125,-33.740574,2023.3712,164.42767,651.76953,103.27003,-22.101122,-1836.2646,0
-997.09106,520.1457,6.7653804,622.8397,-1317.8185,-67.26045,302.4216,-407.45447,0
59.456505,1674.6932,294.39078,-1888.9686,93.8854,968.89435,805.8944,116.44161,0
564.94684,2445.5212,1340.9445,1569.4316,807.4257,798.66833,1707.3276,-669.67993,0
-1989.4803,-1905.7227,-2537.1787,2010.4175,1712.6575,-1004.239,-944.22644,-487.6381,0
-1569.4727,-2787.8105,-683.7672,2361.025,955.614,-576.4226,65.81518,87.416725,0
-2441.486,-1802.1296,283.0635,1712.2334,1458.8196,-242.08627,-448.89664,1242.8767,0
489.63736,2583.473,1513.9287,25.320133,1130.7783,367.5852,71.97123,369.18408,0
3894.2258,-1184.4215,188.7828,351.9611,835.3609,1384.3269,1087.1985,-1218.0974,0
2149.6091,-106.00917,-2149.5425,-443.63516,-305.53937,2.5067668,-1350.6246,649.7685,0
-2160.2607,896.35364,1725.7522,348.94058,596.24713,-843.804,-685.5659,1775.7384,0
-274.12646,4262.9946,1640.4357,-2358.175,1147.6132,181.93765,3226.285,-1021.2856,0
-900.99646,-1367.191,-999.9131,-481.1216,-153.05766,1060.8102,1478.5737,-255.51875,0
-353.6025,1797.4391,540.4496,-2276.8755,-225.38799,321.19604,-99.50747,-143.21632,0
-2521.9324,92.94662,1871.941,2259.1316,2566.8286,-189.0969,328.32266,854.04364,0
1136.3394,2556.6536,-1022.4738,1221.5034,-2694.4363,-47.3857,2776.9744,1903.832,0
-1267.1083,-193.92604,784.2892,-812.2494,281.7477,-390.2557,426.63315,-226.32286,0
-484.1439,3488.1714,754.59283,-501.26025,-465.80988,947.37,2339.8013,-654.9578,0
-1193.9692,-1071.3722,-401.7943,2345.465,250.15509,498.58746,34.84606,63.450474,0
515.2531,3387.8838,1002.3906,1031.6012,426.054,545.6433,494.6166,460.8146,0
-366.38297,2211.4324,586.6693,-1622.5468,8.956889,1948.381,-831.77,-859.85443,0
-2292.7205,224.86403,1790.4462,1621.3575,924.37396,-2055.807,-1245.5188,1116.413,0
-84.16262,2148.565,208.7281,-1998.0476,350.86496,720.8924,871.8804,-638.8368,0
-1841.9469,1654.6674,-156.14207,649.9171,-918.7775,-1606.1448,1309.4386,-646.00745,0
-2067.3992,1045.3737,86.54766,1396.7719,-991.723,-1120.784,472.67365,-1503.5907,0
-1953.7028,1875.4023,-1236.3098,106.54806,-171.105,-1654.6229,1473.297,-369.76193,0
-391.4236,-2641.0264,-3150.5925,-511.55414,1475.6274,-490.0808,-683.3323,143.87112,0
648.7987,-756.9428,322.42764,-69.966934,1567.636,1423.2794,-390.24054,1055.4642,0
-414.74927,-585.1517,-3805.81,1129.3649,-52.276375,-2300.7974,-1824.7803,-1200.6064,0
-561.01074,-250.9821,47.30774,1332.8624,1251.9653,246.48155,-274.6135,768.84106,0
524.0993,1212.763,1008.07996,628.9238,866.0696,-11.854862,383.08328,74.99306,0
-633.61127,1991.0908,-1983.7241,-1073.1302,800.7671,-1801.9043,683.0019,783.0906,0
-1811.0847,-544.34735,-1.5103515,-85.97298,302.80832,-80.616936,-452.9839,603.7871,0
826.25116,1564.5745,-2663.12,1594.827,-1001.8121,-1093.131,694.9428,667.9193,0
-2409.996,3246.1023,1254.6575,-1441.9633,464.8413,-10.909422,2342.4377,1526.133,0
-3388.1604,2274.4111,1083.4888,-98.39965,493.65723,-550.7687,2284.441,-20.9067,0
1181.3324,-180.41617,-417.4648,-757.8329,953.7778,743.90686,1128.6893,-733.4064,0
-124.82063,-1755.2014,1189.8235,715.79645,2223.2146,-447.52335,-2161.637,1470.1467,0
-1212.471,1939.678,826.7108,-2351.9934,490.85983,1382.7006,777.2029,-65.038025,0
3035.9822,2014.4613,-3369.8875,2440.2932,-2531.4678,-114.38691,-277.7529,1060.5134,0
-1855.711,-71.99294,26.183435,1589.9889,-458.38934,-1111.0309,-1067.9991,1291.6785,0
-717.4233,1530.6376,1832.0852,-832.3175,763.022,567.2193,-534.2875,-161.5378,0
-2219.0662,703.4429,552.00323,1731.098,-326.2822,-88.295006,-54.379986,-918.5191,0
-1885.407,2041.0892,-1083.6023,-481.2325,-568.3022,-1139.6892,241.85184,1042.2122,0
-34.070316,512.2641,521.3913,-976.96796,345.44785,1247.039,692.3888,-110.17312,0
-143.96419,1377.4543,672.5762,-2042.1733,-649.2898,1267.1893,450.12408,-240.99284,0
-2192.8745,-2223.8428,-1064.2429,1140.52,1647.1466,116.683586,-587.5467,1284.5283,0
-822.94586,2224.132,2650.454,-1227.5658,2640.3132,-461.38516,326.9876,565.03265,0
-771.17633,1293.2529,1867.4294,-1047.6656,1540.7775,-662.85065,-2351.9893,582.50055,0
1947.0995,-302.69742,318.83395,1213.6584,74.33113,932.62476,620.3447,-591.80133,0
31.994406,-564.89453,-725.46173,-1297.0162,86.626335,1502.1614,1083.8887,504.73737,0
-2427.3787,606.4047,1595.3765,-1220.7296,1896.8218,-852.5207,-1199.5922,82.30382,0
-1703.0092,-2470.677,-1895.0529,2145.151,1146.4005,-506.78864,800.7592,-520.06793,0
-2245.843,4253.9155,3465.9717,-2150.436,2913.7576,499.02756,3023.6123,25.298262,0
-932.6928,-2422.0918,-621.2804,2416.3218,975.1046,-217.11784,969.04474,-62.18171,0
277.95297,1879.6147,296.58792,-1322.5004,33.05342,1227.7753,1146.0168,165.36617,0
-3209.3318,2402.1301,965.1031,-41.338013,56.003197,-1544.3396,1571.9838,310.4008,0
640.8595,2627.5872,1971.3491,407.9639,2322.0854,888.31696,612.2069,-584.7949,0
-1310.702,3098.8284,-1012.55896,-2353.967,25.206434,-1325.9341,1706.3741,1864.9125,0
130.61319,3271.6296,1150.4553,1208.3959,-249.25162,1008.17487,2175.9949,47.694138,0
-860.0192,2344.0698,-371.09927,-2056.9355,435.86197,-315.72623,547.5991,164.51524,0
1698.2632,-1041.4535,-1923.9977,-1040.6061,-399.33926,-52.891247,-1188.6731,1412.1959,0
700.5353,1677.3333,703.3311,1575.219,-1005.1949,856.2557,883.4207,265.32306,0
754.06213,-1912.9027,2726.122,-382.5005,1013.954,852.05096,597.23047,68.11609,0
-568.7927,-3111.9553,-753.8297,-336.16913,1669.7269,27.05198,-1261.7053,993.27704,0
1321.1182,-2393.1072,-1198.6399,-791.6988,417.704,1305.7959,-142.99956,64.94526,0
822.16034,1362.1129,1091.3137,-906.0144,2112.7195,1024.9102,589.8453,-353.19427,0
-1831.1399,1351.2366,808.02435,-1742.5758,418.4307,31.27932,-493.393,75.73764,0
-218.20732,679.24396,3041.5076,-229.2021,2956.3376,195.07874,-970.2882,829.4235,0
-631.652,-943.81805,-1943.0588,-343.6976,-61.131104,1589.417,316.9369,693.37744,0
332.81992,1989.3247,968.5368,-2010.9381,-641.85895,1021.0485,948.90283,-1705.8496,0
2896.4895,-748.87537,-3283.4155,1762.9594,-1981.6738,716.31494,734.05884,746.0162,0
-2517.9758,379.21384,1729.9595,-979.1241,1986.318,-1038.4147,-2427.6406,862.1228,0
178.07509,2880.9985,2024.7573,-231.24525,1508.772,306.3389,532.2036,365.44485,0
601.2149,2328.8938,-2996.7927,2765.5154,-1802.3562,-283.16983,842.41125,967.6849,0
1136.4951,1822.4609,2366.7764,1130.632,318.928,1142.5889,65.554596,132.16805,0
-2715.9736,380.46982,1505.093,681.113,-307.11093,-106.90142,239.546,598.7064,0
-3091.2815,1943.3531,115.46566,-1611.5814,-1294.8684,750.5505,-243.02318,212.81316,0
2319.1226,-905.6086,1646.379,2903.1514,-571.1161,1859.0508,909.1278,2252.8503,0
2331.795,-1317.1456,-1253.3818,90.687584,867.71094,2235.0679,-941.6962,-38.481625,0
-2161.0842,-958.8187,15.115079,1773.1512,-630.05194,-1422.2906,-1483.1277,890.1665,0
3095.3474,864.5009,-2588.154,9.509536,38.901833,-146.11288,211.05309,-246.30815,0
2095.0283,-657.0067,-1989.0542,-1718.575,929.0785,153.27124,-2942.455,179.5203,0
2003.1127,4264.4253,-1933.8486,628.5818,-215.99005,-1220.0221,1627.7621,223.29744,0
3290.2534,1477.3207,-3101.3188,1448.6783,-689.8294,356.7094,-979.1786,-79.83819,0
-1726.6023,-493.77612,613.19037,1036.9688,870.1019,-83.58918,-1060.4244,1342.2083,0
-1070.3358,531.2284,-457.38037,-1083.4165,917.9785,313.2599,-1790.4271,596.42865,0
-1914.7532,1718.0797,-699.8441,359.4203,-589.9027,-1821.0352,1570.6807,-628.66486,0
-150.3186,-1982.7687,-1102.1206,330.13077,170.63704,7.101811,1356.023,318.45422,0
-1712.2,-975.2033,-366.5083,1160.0708,345.8573,845.9356,491.05203,-607.1999,0
-892.92126,1824.22,459.06094,-1646.9794,-247.10912,748.066,171.19225,-1261.6543,0
3148.1,-1189.8307,-422.699,1831.1198,-2854.356,1736.4741,-197.62373,736.882,0
2845.622,186.30278,-1517.1395,-785.116,195.10153,1072.7386,508.20416,-645.68555,0
1494.8768,2414.058,1604.9473,1973.9275,428.51862,613.34955,654.9796,189.69844,0
-1293.0057,844.24475,-834.91565,205.52792,-1216.4387,-975.0883,386.89838,-341.1807,0
1095.44,936.7581,1421.8799,826.9189,987.11664,373.91577,884.85925,-1078.4589,0
1104.911,3155.5852,-320.13483,32.968346,-785.66705,741.8768,1172.1622,183.25894,0
-481.9157,3143.2007,3068.7703,533.69403,1832.883,27.614971,1835.4187,597.9081,0
-1749.2734,2252.1985,-645.81165,-827.8717,-1184.2883,-923.3179,999.16864,124.77945,0
453.42633,-2183.6968,-311.28516,-199.38638,913.29877,1465.3251,662.6822,-433.65848,0
-2422.8765,798.4878,1048.7458,877.76764,1090.9246,-1156.446,-483.91077,854.806,0
-1243.7589,3205.4604,259.13058,-605.14124,473.53665,-497.69165,2027.6595,202.23575,0
-1307.9125,926.59644,1766.4102,969.83026,582.2136,-705.88257,270.36362,734.6052,0
1600.5612,3293.1284,-115.381905,-10.01567,-694.5776,1305.685,285.95984,-373.7125,0
802.82166,2948.5212,-1556.7021,612.6925,-1231.5173,-857.9236,1512.5027,1235.379,0
564.4856,2398.756,186.66106,-2572.4524,255.09666,512.68744,852.0414,-1365.8969,0
-1005.2974,2763.907,1730.2635,-1198.9423,990.2221,205.92531,1467.7507,-133.4434,0
581.68396,1780.9784,1108.374,1633.6194,-969.0657,651.523,757.6249,276.31653,0
1256.3306,1229.7947,851.2324,1900.5037,-778.3093,1402.7411,923.9237,612.4923,0
408.78662,-1017.0924,28.64216,1312.2095,-701.64044,-51.81241,510.85736,353.83475,0
-531.45996,2761.1404,2317.4287,-305.10696,1861.7155,586.0923,1578.2946,-213.12685,0
-761.5756,633.65155,-809.06,-360.49423,279.6013,1043.8551,1535.244,146.30331,0
317.37186,2244.572,-690.47327,-1911.8535,560.045,95.5619,1562.437,251.3162,0
-2785.3367,1224.601,448.46408,969.0047,-668.5366,-1502.0461,1646.4891,-722.5007,0
-1649.568,-816.3868,-141.74866,1538.3314,-244.37259,-957.1226,-478.88727,1.9009548,0
1503.2544,-1016.7492,-1069.7964,-460.73465,294.11426,369.03094,-1297.5491,887.0528,0
817.59424,3014.7825,1165.2617,636.671,-1422.8059,1751.3865,1091.4224,-276.76932,0
-804.76434,803.99817,72.23686,-386.2011,-620.6011,-278.0373,736.1038,-833.5169,0
-1093.8455,918.2664,-1168.6969,-625.2096,165.42238,-453.14993,-331.96582,1547.8457,0
-1612.0198,-2070.249,-252.6284,1299.9529,1295.4994,236.94926,-691.289,1046.8579,0
-1397.96,1917.8201,1451.6028,-1241.3364,1950.1967,146.14684,843.221,745.57513,0
1651.746,-1019.0405,207.04617,1967.5857,1457.5762,1834.8331,-1964.4121,310.96967,0
-419.16437,-312.88562,409.31317,788.36383,96.965904,-148.62819,-946.5825,842.69574,0
-717.2515,161.31567,-305.1957,1000.02106,-1893.2911,-1297.5557,-648.92175,56.59514,0
877.3749,-13.514669,-3451.673,472.25015,-485.35443,-1664.2762,-1315.3944,-230.3549,0
-1044.9545,-2181.37,-854.7526,1276.0587,-153.91933,-512.56586,-1180.7325,488.38882,0
-107.289474,-1761.6487,-1570.3964,-1298.3256,331.8242,1730.8687,554.2954,1060.5085,0
1514.6489,3413.9668,-1539.8733,-2225.9756,1739.6423,-990.14923,1066.2902,-429.7631,0
-1972.7694,1776.7397,-1362.1807,288.45633,-94.89937,-1812.8809,1174.7065,230.69595,0
-1010.2793,2417.4973,229.45287,-812.6112,8.560533,107.5848,1708.3629,-15.075213,0
-2130.578,1768.6659,-310.27094,0.33736825,-641.32806,-1116.7115,424.7329,249.73268,0
-2279.6594,88.75733,2134.4026,1880.6403,-8.541693,-949.0889,-854.0624,1122.1497,0
1279.5642,3811.748,-1545.4489,738.0001,-757.08356,-667.3475,2972.4958,1434.0837,0
1696.3828,4240.414,-1773.5977,-511.00073,160.86636,-1079.0486,2139.256,478.01154,0
2264.8606,1051.4099,-4163.1147,2079.9966,-2389.3042,-245.02644,-200.28273,1373.532,0
-1644.7114,1169.5675,374.41037,-1588.0117,298.88672,-427.55356,-732.4568,1239.727,0
-565.0337,1227.4004,1021.2453,-2091.074,-1121.3975,1500.9846,-425.1378,-453.63266,0
-740.11053,2545.199,-1269.7034,-2947.0774,1266.0144,-651.5409,1360.2838,1460.6932,0
-962.7411,2022.1246,-1937.2738,-2793.9368,1603.3033,-1062.7526,-946.61053,830.6321,0
-1734.7764,-2375.2183,-303.9137,1696.5547,-376.4393,-477.98575,41.12148,-394.72897,0
-3233.4065,-329.98642,785.07874,-205.57129,619.0089,-2267.4512,-2241.633,479.787,0
81.84837,2566.8118,-28.30457,1817.1287,-3028.0012,740.0839,2189.5955,1351.2566,0
-2481.087,1486.0094,1022.96124,628.2415,-209.82724,-1296.252,509.90057,748.3343,0
-922.8042,-1252.3204,-741.16455,1101.842,373.15564,-223.61053,-1321.7524,2004.5339,0
-2272.257,1471.289,1057.9982,2173.2686,354.69632,-1239.2358,773.30646,-165.07127,0
-1485.6986,1129.1942,-125.11369,-211.13834,-973.07,-1462.2885,1253.2383,-436.0714,0
2191.5803,-951.9692,1265.8926,2827.3367,366.98993,2448.242,688.0843,-79.18066,0
-54.544266,1564.636,-1406.4489,-915.47906,726.59357,-695.70667,-212.22975,-39.68405,0
-1585.3015,279.37112,704.69214,1230.9426,452.77826,-2077.5354,-447.81885,1100.0425,0
2163.6724,-295.29297,-1561.8303,1367.6536,-2595.2046,374.67584,2619.5425,2613.1016,0
1708.201,313.1061,-1746.2217,2289.054,-1146.5332,1806.7063,149.18959,1318.2467,0
-153.33517,-1876.2767,-368.01202,-894.1009,-56.064552,91.582016,591.4617,1405.3448,0
-2802.3616,-998.5626,1817.4894,2120.9072,970.7463,-799.9276,-42.852203,85.73251,0
2870.391,2831.874,-974.9881,324.65472,-614.6409,-580.8362,1587.0883,467.69443,0
-3432.0693,714.4293,1295.9038,371.3473,-853.0827,-1021.1965,2099.1477,-558.35455,0
2734.6904,-1938.9647,900.5021,-281.48563,-765.38153,668.63696,-1160.367,300.23523,0
2111.9993,-1495.2234,-1777.4104,1276.063,-1408.9078,965.85846,2021.4484,930.4049,0
-1653.2998,1586.473,1440.7286,-3397.9692,61.63071,765.1659,-1027.8116,-22.733942,0
3394.6597,3220.964,-1721.712,-291.00592,1081.3745,-49.99547,-1028.1803,-2656.0122,0
-1894.738,1693.8871,-1074.4199,-1448.6372,18.121914,-182.06425,101.31578,651.3547,1
-1493.2233,384.8634,1779.26,-960.5373,-1635.3434,493.95648,-1429.9252,4.735645,1
-35.716587,-322.21368,-3389.3108,-1586.7799,-484.3318,-232.83762,-2396.8325,-69.55651,1
1423.4268,2465.6128,2703.444,698.32556,2052.764,782.9371,-514.74347,-1096.0077,1
-977.00037,-1478.3036,-334.51367,-1196.2992,172.81769,1806.1615,989.76355,295.10178,1
-3943.9458,-1805.5371,-333.959,-436.50482,322.2638,-1763.4015,284.46826,-408.68842,1
2112.73,-989.9454,-1992.7723,-1427.8458,743.0198,-30.9289,-2577.956,347.82858,1
-331.66248,3115.664,1303.1285,191.77594,887.3332,1144.8223,852.25433,-193.23866,1
-401.37482,2779.0312,1933.3802,490.16028,541.21515,869.5305,393.62357,-151.08331,1
573.6903,-125.086235,337.7835,-1069.8655,231.52399,-1556.8378,145.60246,-317.2682,1
-2995.8215,643.7436,958.94226,1993.2092,1372.478,-1987.267,-747.28253,370.76865,1
-1107.4381,1549.1534,692.09674,-1053.53,-977.90704,1137.8563,-142.2815,-879.4419,1
14.458134,528.8945,86.1358,-828.61456,293.8806,-1876.199,681.0543,-549.1608,1
-1885.684,1365.7687,-1003.7571,-1133.7611,-790.86505,157.40495,-941.7809,246.91412,1
-515.04736,1991.2471,289.4852,-371.2638,373.73447,-1632.2932,1454.0022,-730.8731,1
-2901.077,194.71385,783.66034,-1825.5522,-690.9885,-42.89653,-1725.3619,-55.102142,1
-1511.7524,903.67834,-498.2879,109.62109,-1381.7585,-558.98444,-1018.4163,1110.636,1
-1125.457,487.0118,-1435.8802,-1841.6089,-631.3023,-921.3679,525.2369,802.7561,1
1667.4976,1731.6761,-2840.6543,-1429.1238,953.6377,-1674.4198,-1089.2678,403.67523,1
1030.4866,2105.0417,-2138.3552,-870.59534,522.4297,-1882.7898,-14.721368,922.2491,1
596.0984,-614.5238,470.44604,-1293.4224,600.6879,-1242.8011,202.5409,-322.64157,1
-476.35403,2583.6484,-149.47914,-613.63464,284.00223,-1279.1997,1473.0343,24.684172,1
-711.3242,179.93466,-836.59375,-786.69763,514.33484,-1257.6628,-741.16895,861.5221,1
2910.9368,383.21732,-1217.2256,1296.5707,-1995.0123,-517.4666,2012.5502,1449.3036,1
-1089.6693,2060.1643,1363.5808,-583.54486,734.5408,891.6063,-1.6070184,-1149.9905,1
1432.8116,2153.7224,841.1552,630.57166,2174.023,1822.9309,-1103.8444,-851.5411,1
-2696.5908,-1661.268,-337.9106,2149.8352,481.96173,-670.6257,-133.15923,-129.07155,1
3078.2988,-1713.8395,1172.354,2008.0006,1322.4037,2334.1475,-340.93527,347.53287,1
-870.6829,736.9016,1218.646,-2628.1638,777.7086,-588.00757,-1125.5812,449.00064,1
-218.2748,1738.9707,768.48016,-23.867386,525.06696,767.22015,-308.00192,-1154.5471,1
-640.19696,1150.7944,-1301.6371,-881.8735,-1007.8803,-525.0314,-866.8721,400.35495,1
1446.9418,-1026.2424,-1563.1936,-2351.818,1367.5198,806.6421,1300.8994,-285.64978,1
-2669.0571,-1111.6282,-1245.5652,1136.3135,-111.11527,-1245.8446,969.9168,89.28311,1
-811.5752,-2331.155,-366.36325,-1828.699,432.12125,932.3296,50.375652,339.60614,1
-1168.2616,-1343.7499,273.49988,2715.4675,1299.8035,-1039.5416,-910.37006,753.56573,1
1250.4368,2236.7568,-15.0275135,1220.5709,-1498.6111,488.33713,2883.2039,539.892,1
273.7853,126.1218,-2183.568,1149.4618,-462.03036,-1259.6317,487.1432,548.91223,1
-3157.093,1498.7957,877.8698,-1063.7207,1412.9185,-902.4811,-297.48108,770.8901,1
-748.09814,1278.4033,800.744,-1050.3761,-1103.7087,917.8198,-105.85459,-321.05954,1
2397.4385,2304.67,2793.7375,1923.5667,1917.4067,1103.9001,-558.35516,-539.92303,1
780.9915,-254.42339,-683.3429,43.30681,-83.72235,748.8121,1882.6981,-829.3414,1
-534.72217,2306.0999,-118.76644,-1359.4116,29.958445,79.97139,-750.0285,-291.95633,1
1088.5874,2914.9768,-1418.8145,-2311.8638,1191.636,-663.6886,1053.055,91.5892,1
-1696.3469,2548.3535,1081.8145,-447.93045,2359.9126,-123.77739,261.02588,167.81848,1
-2667.6565,2150.2725,1033.2366,-1660.403,1040.9397,-803.57135,0.023746924,87.05613,1
-1509.0631,1934.8403,-636.2001,-763.9146,1206.0918,-1914.451,1148.4667,939.3042,1
-850.58765,800.9709,1170.5072,1414.9675,662.079,-1019.59033,-531.4001,780.4715,1
-500.14792,-1042.1411,-2229.7783,87.79365,430.58902,-104.03049,1261.2416,-509.64496,1
-1671.9691,1961.1791,1149.7638,-227.6463,1647.5997,-615.98486,-112.52417,252.8065,1
137.74583,-2780.1443,1766.086,-96.42939,524.2474,60.692482,1946.5305,337.31528,1
-1123.045,-828.5419,460.216,3390.0823,933.46967,-654.68005,-383.90237,804.0878,1
3283.828,-747.40967,-1442.8057,1302.9987,-1436.9797,1100.1646,233.60945,440.14148,1
-236.83754,-1300.7262,1088.2288,514.2195,-1186.8684,372.96765,-1152.093,-180.94937,1
-2578.3723,-188.753,667.37915,2134.1323,-802.316,-1698.7623,-221.77007,-6.646338,1
286.5288,404.32974,-2154.995,1026.5822,-384.56204,-1369.6017,567.6571,621.28253,1
4110.69,2339.5515,-2767.0566,2026.3884,-1748.7145,243.78012,-270.8929,-203.35509,1
-2909.6726,-418.85178,883.69366,937.3397,-327.06284,-1558.8148,-2194.0378,1528.7106,1
-202.86705,-2205.348,-2132.3228,488.76547,1243.016,-912.72253,-1310.7921,1562.2599,1
975.51605,-3112.929,-770.54205,-2087.927,1210.5532,938.98425,111.43008,-0.06111789,1
-1573.1084,607.27936,959.43115,2293.7334,693.47504,-1495.7465,-884.1664,42.20171,1
3795.421,2372.6497,-2984.159,3160.6848,-1017.8242,-351.59344,-636.4106,-1300.2604,1
2807.147,714.8374,-2284.7449,2611.6013,-1986.2755,1319.8994,-1359.4052,1517.8892,1
-2119.7603,-2690.6665,-1190.8674,1917.7592,743.77625,-593.0668,-1137.7516,459.76724,1
-1021.32574,-810.86993,863.39215,2180.8423,1401.6277,-55.78864,256.81705,-83.71284,1
587.109,-2930.3384,-1265.7444,727.7152,-463.4475,-688.1029,-2168.806,1932.2745,1
1779.0293,128.47826,2445.5842,610.4503,2986.2832,1165.3829,-1071.279,119.24205,1
217.26196,-2752.0645,1862.6189,-35.41236,349.48996,40.981308,1817.6332,427.90143,1
247.75726,1372.9907,479.06744,1103.7396,1486.7234,1644.7834,127.20135,-318.2182,1
896.1014,-695.5844,-3503.0176,961.0906,-392.4825,-1363.9312,-2114.1309,84.63672,1
-805.41003,-3569.8955,-951.52563,-82.49055,930.9038,1453.8302,-977.1846,969.6188,1
-938.2451,-154.38239,529.6389,-1004.2068,-858.19855,-15.482735,234.08226,-29.266228,1
-1224.3306,-671.2905,905.6849,2282.0125,1328.8676,-109.14062,388.75626,-116.88597,1
-2486.9373,-2498.4753,92.87503,745.7747,1405.6794,-53.99663,-863.3389,1203.6677,1
2958.551,2841.3364,-1144.0105,-263.62787,729.2861,14.248307,949.4053,-511.53662,1
3566.098,3230.8323,-2689.657,2142.1548,-1021.42993,322.34634,-641.75433,-920.57825,1
766.087,1273.1161,655.97766,1798.9451,477.91956,1279.6378,83.27519,1030.2109,1
1798.7781,2759.8096,-2366.3196,-2208.3726,1213.6694,-829.24146,-347.11084,-447.53088,1
-278.82373,758.9455,3090.9812,-989.2257,2181.565,-866.375,-2403.1228,-355.974,1
1620.2767,-1182.6477,461.40665,-784.289,1072.7935,-1141.7063,-3125.0227,389.08063,1
1082.1436,1155.0828,2426.3757,1588.6051,-70.061226,383.84085,253.48463,-1496.788,1
-2599.6562,-2598.0369,-1212.3707,1141.6359,987.5755,-658.85,-903.5244,1269.2065,1
-1839.8157,789.0049,815.0102,653.80115,1202.1006,-1096.7611,-143.71996,798.57043,1
-1194.0984,623.49274,-1627.9956,-1934.7147,-522.3098,-922.0772,241.9118,908.38574,1
-537.2698,872.43396,-196.66255,2711.021,-155.66055,-1180.6627,-841.15063,152.69153,1
-1602.3617,-2322.9463,-2358.9607,238.9976,570.87585,-1119.8442,-1163.0897,629.9256,1
1887.1755,2609.2324,-1401.255,350.92593,575.40607,603.4285,190.71678,411.28406,1
-1583.3629,575.76294,-126.10899,919.89355,-1663.5643,-241.51225,282.96927,-38.232693,1
2156.6848,2650.3928,2964.0068,1606.5781,2348.4492,994.76666,-506.34235,-977.867,1
1756.2832,155.58504,-1287.4951,-2652.9128,1314.9058,-235.34322,322.1411,-407.53482,1
1416.1653,2425.0503,2580.0706,626.0765,2105.645,758.4912,-758.9326,-1210.3589,1
1844.1631,2204.216,-3025.4233,2592.64,-1795.3859,-839.0523,766.16235,1242.4368,1
-2008.4631,-1311.7639,-2218.5923,-1107.199,-173.30846,1082.1648,-499.48605,-391.35464,1
-2687.171,154.47781,790.18427,1416.0465,-579.1984,-861.425,-608.5055,331.86655,1
-792.6836,-423.61398,-669.37164,3093.641,1.0374879,-1078.2009,-103.838326,891.43976,1
-1266.7046,-320.1347,-719.2548,-73.633026,1078.5846,-658.3541,-212.32443,492.47705,1
336.9,1528.411,317.95096,-313.23648,-864.70013,1780.9656,-667.86914,-52.171307,1
-764.33765,-902.6249,692.094,2133.3982,1448.708,146.57431,272.8776,301.26196,1
-2458.3906,442.52136,410.37027,580.93353,-870.27405,-2185.3164,13.929998,506.58554,1
297.05817,2585.6257,-311.50208,2034.5461,-324.8768,888.26117,264.44156,2289.0867,1
-637.37463,1243.8978,118.10053,2998.2246,339.02484,-1353.1357,-411.78473,39.729687,1
-1313.6876,531.45966,-100.27859,2424.3997,-235.32953,-1023.7908,-330.91678,144.85638,1
847.717,1638.6918,313.1626,1163.751,260.05573,1125.7279,-579.7297,-297.9034,1
-2573.1309,1355.631,166.22617,1688.5598,76.02479,-1885.0656,1149.6414,-554.4266,1
-720.6464,1285.1287,-773.5254,-1441.064,-153.87737,229.7903,590.2333,-206.2164,1
3251.0107,3016.0022,-1255.8328,192.9605,599.21173,-122.44692,1187.7244,-347.41354,1
-1019.70496,-2128.488,-2789.5466,-552.48364,-141.11913,-1259.9023,-1572.0594,1107.6904,1
3755.241,2859.7632,-2163.7207,759.3648,727.7089,-834.39557,-237.69368,-1587.3845,1
686.04584,1617.3877,655.88654,-241.17978,411.66656,790.8413,335.26956,-833.2892,1
23.647087,2608.527,-1138.4971,-2523.643,658.3756,-591.09796,1126.3594,601.51355,1
-630.04474,-790.8967,-3327.7888,-1345.5521,-253.3026,-114.41921,-2261.76,-570.11316,1
-2244.3113,332.93762,247.86188,2736.119,682.67535,-1959.5608,-757.375,498.18115,1
3446.2705,-859.71545,-1951.965,909.124,-450.24597,897.91656,-138.63411,-504.01938,1
-1369.7185,969.6383,2436.7966,-783.09125,1430.3119,53.835255,-2055.3274,1087.5155,1
-513.9178,-2688.2957,-633.495,431.18826,867.33435,85.60251,1986.5992,-343.3959,1
206.02579,-1205.7932,-149.97447,485.95078,-890.87933,708.27655,-984.4566,156.22748,1
1327.0176,1118.1486,1874.3671,2340.1118,1016.9827,-378.97946,-2055.9653,558.27765,1
-1255.9204,-14.311709,1279.365,2470.0933,790.9837,-1393.608,-386.53152,1274.4557,1
3032.9202,138.78802,-945.661,1205.0138,-1753.8467,-532.5726,1880.951,1220.0233,1
-2047.5645,-1924.7888,-184.9699,1482.0298,585.2696,-886.65314,-968.50995,127.5518,1
-1548.802,-1459.8125,-1876.8514,1070.8453,636.9756,120.191284,-247.29976,248.74304,1
-549.2725,-3813.999,-1669.3104,1529.9297,981.9402,-199.19164,-128.35678,384.15198,1
2642.5623,-387.00162,-285.58215,638.66504,12.2751045,-25.252651,2620.341,-31.974915,1
2325.1265,2658.4458,-649.6275,-1468.659,1093.4486,308.3609,985.51855,-335.74274,1
-547.4937,1692.7394,-1312.5374,-1516.518,474.17725,169.27345,142.87639,368.25726,1
718.50354,1924.4321,-2485.8174,1150.6917,-1598.3903,-747.7981,2085.697,1716.2212,1
-594.64404,636.5031,994.5738,1871.208,339.96674,-1208.4901,-647.10944,293.38193,1
939.0845,1925.585,1989.7202,220.14969,2012.8646,313.82895,-1154.107,213.32397,1
-451.81232,-2019.7848,-1493.7323,-161.40274,1449.7401,625.0126,-846.89935,960.9951,1
393.44226,2579.741,-230.78049,2051.5735,-277.81006,828.8639,334.7904,2366.9744,1
-2477.9414,-923.9908,2405.1516,1735.2999,-292.11487,-2291.1125,-1315.8197,628.4252,1
-613.1295,1620.1116,552.8311,-540.7044,429.04953,-1839.2242,1104.086,-1229.3009,1
3605.1309,3390.7551,-2363.4092,580.2807,29.735792,-50.14977,-960.55676,-1300.8251,1
-3033.869,-1567.1394,1016.3222,2469.5757,651.6165,-884.28284,-149.24016,11.6589,1
2180.127,-1033.721,89.347946,2792.3186,-835.23,2272.8608,1191.3372,1721.5828,1
-1588.4922,-2862.8494,-1893.8977,1237.1097,1165.0205,-237.07852,588.8741,-125.19772,1
-2036.3212,367.36035,-815.56506,-161.39825,-804.7,-1026.5902,-252.03563,89.88446,1
-1148.1666,-17.54145,2618.4126,-1271.0509,2232.0176,-1454.762,-2727.3672,308.40793,1
3244.8362,1689.6917,-2666.142,-1853.2823,830.647,-921.4919,-1374.4222,-1288.0397,1
-517.187,28.951881,46.076683,1167.9689,-1094.3406,-687.8581,58.579697,-81.35493,1
8.785957,1097.3918,-1668.7228,-929.3409,472.35287,-1668.2745,624.6941,1080.2491,1
1280.9574,2149.4563,78.23937,1140.0009,-1428.8127,551.1595,2660.2014,408.6556,1
870.9979,2286.3386,-2528.6821,820.9756,-1448.638,-1037.6736,1533.1782,1535.735,1
-2060.0422,-1966.8494,-1998.147,1048.0846,496.43607,-914.875,-20.28711,526.919,1
-1800.1962,402.08817,-710.19617,484.7915,-1170.0037,-435.99957,-1439.8271,200.60301,1
-889.82336,35.544876,22.335264,2680.7341,-111.8956,-502.59586,321.21014,4.3657875,1
-406.33145,2604.4658,2005.443,601.71027,922.25104,853.4564,597.1089,-192.37593,1
-3047.0332,1518.0779,752.2257,-1099.0582,1222.3864,-873.05817,-305.75476,634.0708,1
-435.14725,-1893.4116,-1276.5399,-185.86047,1559.132,801.7416,-676.2389,1003.92523,1
1085.9991,2855.9238,-331.69333,-966.41376,510.99237,33.465366,1475.0286,-374.25888,1
-801.42896,81.693504,-1502.884,-1138.1687,25.562674,1281.8497,803.7243,-350.772,1
-18.26128,-45.640938,5.215987,485.84686,55.884647,1007.2407,1978.1284,-1323.8353,1
342.3825,-648.8465,-1703.0575,-943.8624,796.68274,2052.0054,943.0581,-156.13982,1
-1184.7855,1281.4159,654.371,-877.2123,-615.34515,-631.3343,1264.4587,423.5295,1
-7.337509,1492.614,2061.0176,1857.7908,-701.49115,613.7142,-665.9881,1644.1112,1
-867.9038,-556.2509,-1405.5957,-1536.0056,562.5465,-33.645126,1357.8329,247.85861,1
-2237.3628,568.4322,960.8503,-859.4014,-1038.058,-133.02577,1094.5991,-277.66663,1
2691.9116,3756.5037,-3095.8733,2595.7312,-2201.3037,-349.08408,-817.0337,692.8847,1
-1689.9664,-904.7583,2176.6848,-831.97455,1512.6558,-2923.9844,-2508.6665,409.34204,1
-1777.4967,-2017.4596,-2432.1675,-761.283,-291.5731,-739.8086,-1266.1616,-1243.3949,1
-591.03613,1439.2292,147.54102,-1260.3201,-1141.3412,748.3567,12.253806,-229.2144,1
1769.3923,2887.2754,232.2089,1703.5519,-243.13235,1543.8829,-278.17886,-137.17389,1
-2146.9712,-1513.0912,85.778465,1488.997,307.94238,-1111.1708,-838.60394,173.00795,1
-1567.738,-167.34784,-1663.7037,-2725.4448,-782.1879,-926.4356,-614.4269,1061.6403,1
-1045.2488,478.17377,-394.84677,2722.1646,-424.22482,-1286.7361,-474.05847,398.36447,1
-1496.7645,624.10565,924.384,2114.6008,537.0312,-1234.9729,-869.4202,140.722,1
408.08902,1456.3745,91.67781,-159.64714,-795.0025,1617.8685,-749.74805,-78.289795,1
3187.3877,-1763.3169,-509.508,2434.4521,-906.87897,1911.9738,1302.7604,-64.90703,1
-915.6418,-1389.3914,239.50893,2115.4504,384.1199,338.0293,226.61508,-578.50635,1
852.30304,-1335.1678,-613.8819,522.1715,-883.4228,422.44516,-446.7153,687.65265,1
-1929.7538,-306.878,-1501.0337,291.3291,-1106.9526,-2387.0984,175.7479,561.9178,1
1250.266,3434.96,-2024.8877,-796.50806,666.8316,-1409.8439,-554.75476,-628.5541,1
-605.5286,1644.0383,600.0857,-588.3236,383.6632,-1944.2168,1133.4164,-1223.2784,1
776.1327,-790.6367,-2665.3628,-3080.5105,657.2877,-568.6352,-836.4263,318.3661,1
-390.27475,2495.28,1262.9832,-656.9334,1280.111,685.03503,972.25336,420.01407,1
-1487.2898,664.93616,1382.3083,2208.3677,772.86896,-1625.5922,-615.2225,720.0493,1
1043.2781,3271.8396,-135.85034,-1423.9176,290.25818,420.9888,2337.1858,775.3945,1
2856.376,-820.5427,2312.5007,1469.817,1272.0178,2212.9067,-1775.1111,418.94418,1
-446.58426,-1284.7605,-892.33124,3086.4038,669.28046,-570.6943,-192.30757,660.2199,1
1557.4319,2094.371,2182.5393,451.9275,2489.1296,283.3347,-1039.4247,-1065.446,1
58.991226,2610.1567,-1076.2922,-2583.6628,669.41547,-586.63776,1218.5225,613.94867,1
-1631.9744,828.8589,668.46014,-1578.4261,-1165.8171,1155.4343,381.91913,-826.3103,1
914.5167,2525.2593,3701.3083,-301.85632,3188.034,268.06232,-478.88922,-947.62134,1
-2601.8254,1648.2112,-292.69165,-1505.6715,-1303.963,-226.57164,236.44753,695.1041,1
-1087.0623,433.95926,1495.786,1669.8468,610.36,-976.53973,-325.5622,353.7672,1
39.38406,2530.1,1428.9474,403.2999,1018.6042,763.4332,426.06403,-776.63135,1
628.8633,1793.4545,-3693.3044,1540.03,-1628.7894,85.572464,-962.0158,592.20105,1
-2204.2803,-483.2387,939.145,-1909.9968,47.04614,173.55733,465.94632,-456.1528,1
-1907.6836,-3919.5505,27.882338,141.6553,1113.9479,-395.5989,828.03955,1115.4899,1
-850.58875,542.644,-1340.0626,-1153.7133,-79.19419,648.0659,722.7339,-307.42584,1
-2085.1821,-1139.6462,-1814.6724,920.6423,-399.66885,-1021.13983,415.29953,143.43759,1
-2089.21,-1994.3898,921.35516,2165.4043,39.05871,164.96811,-728.50867,216.89375,1
1032.88,2307.806,4448.3047,539.0823,1693.2545,556.3165,-1938.0736,-285.33215,1
-516.6709,-2326.0334,-1370.376,2040.962,992.4296,402.04944,853.5208,64.32931,1
241.3335,525.722,-2266.6814,-2891.406,595.5977,-1176.9222,-847.1439,679.2128,1
1084.4723,2104.7817,2608.5796,104.3276,2708.3958,227.55927,-767.08545,-1150.5247,1
-428.17123,518.18994,-2413.785,-241.91351,330.1575,-1833.9657,572.3376,-55.98556,1
2629.6123,-906.2063,-339.07974,2965.198,-2125.1584,1286.4084,1894.6099,2270.5623,1
-1068.7583,2342.3623,1169.8662,-222.92006,946.6439,865.84143,-288.09943,-836.97174,1
-898.5061,-3092.2856,-350.25415,989.38434,-121.39495,-222.62619,-1358.6683,1223.3362,1
-513.8343,1932.3362,-1630.0215,-2103.1672,1135.5824,-1654.7948,230.03993,556.2058,1
-1102.2012,1007.7602,1336.8937,1389.3893,431.7239,-1032.0348,132.77956,492.6651,1
655.6857,1514.4203,-3121.021,237.37059,217.65187,-2357.6826,-1842.4758,-320.48492,1
-2104.3096,-1581.5582,350.40158,-934.51276,202.50574,1866.0518,1740.1836,-449.9888,1
-1830.9684,335.15076,607.7566,1290.7291,-1139.1534,-251.41237,-445.36896,175.07762,1
3102.7366,966.54865,-2656.132,-1897.447,1230.7833,-592.58856,-704.10675,-739.6457,1
-2965.9487,-410.89697,1260.9651,336.27597,-157.45193,-1508.4059,-2444.7588,944.4593,1
618.3957,1828.5706,1755.9807,-906.488,1690.6136,1440.0558,864.9905,496.193,1
2288.8289,-1412.9819,974.12415,-849.90234,1152.3109,917.9427,1329.3726,785.34326,1
1265.374,-196.08711,2963.386,1157.6692,1944.85,2131.4106,-846.92896,-781.89307,1
2515.075,258.4749,-2169.7366,1612.753,-2184.1082,-63.8561,1776.9496,1653.7107,1
-1433.7488,1348.2579,-613.5227,-1184.573,-899.6917,-635.136,-449.4398,651.2231,1
289.18127,3225.9565,289.265,635.1764,-601.50977,837.7304,1127.1294,590.5613,1
-268.26505,-1719.38,-2382.6775,-14.088222,1187.3638,-1104.3978,-1163.3219,-61.87232,1
-746.3035,2030.4828,-1707.4875,-3372.6755,704.4809,-401.0944,117.58553,847.0519,1
20.735985,2123.5066,1438.6588,-664.01337,1432.4182,724.8988,978.36096,575.5824,1
-302.15228,2581.7231,1249.7905,304.4779,857.75543,952.75134,287.5685,-659.7935,1
-2540.306,534.42474,281.3456,1234.3087,-1342.3276,-1522.9818,-956.4999,382.23407,1
-1941.1764,-893.50696,-392.0193,1570.3738,-867.1168,-2268.9907,-682.3183,17.195835,1
1329.7332,2629.1199,2897.8083,640.1019,2077.8125,881.4243,-223.9051,-990.8929,1
-1120.3599,1174.4576,-942.2439,-772.3106,-1030.7499,-645.57806,-821.58655,859.6968,1
2071.4243,1424.257,-3440.2283,-1654.7638,-95.5919,-806.6374,-2188.374,-506.10434,1
4758.838,78.648285,-2567.2253,-710.17505,122.639656,-212.14754,-488.88116,-1767.3342,1
1165.515,1386.8002,-2696.0671,1498.0082,-1854.7028,-457.02197,1854.5527,1606.139,1
-2091.919,-1190.0057,809.2794,2147.26,-31.593397,-287.313,-722.749,153.09445,1
-1809.963,-1848.6722,-1961.7747,-646.83966,-269.75418,-1057.4847,-700.5773,-229.70007,1
-2872.682,-1167.5258,963.9118,1176.8749,-491.52646,-1752.0507,-1254.0414,400.36667,1
-956.14026,314.76184,1142.8157,-467.96118,-1944.038,167.45326,-1793.2495,159.12679,1
141.94035,559.64966,187.74529,-686.33075,190.20769,-1719.2822,668.0101,-578.22046,1
3177.6516,-1636.6075,-1457.1039,-1364.8922,1334.2605,111.985,-1089.2056,-732.4552,1
-1588.9641,-50.14055,-335.747,84.75799,-1664.4749,-358.18698,-683.8027,-216.61578,1
-794.58325,-3953.5688,284.19333,-540.2793,62.41243,-101.38145,-508.08295,1982.5432,1
-1058.9318,1227.0018,-2958.558,915.69354,79.331604,-3089.275,-389.6116,-225.05104,1
-1003.97437,889.7623,1337.0715,1570.6145,491.20465,-986.5363,39.57737,464.2403,1
-149.44798,3557.574,1081.1759,153.97815,393.74887,702.5881,1471.667,427.6789,1
-808.8102,-1640.8645,-3297.8254,-1201.0963,-600.29736,-1735.2802,-2289.7217,652.07324,1
-1264.1005,-972.4011,-131.33371,-957.4826,54.027126,1322.7036,1766.3763,513.9053,1
-961.149,926.12787,-1627.5881,-2743.274,-69.336784,-540.39795,88.72176,826.3055,1
-299.41797,-1414.5875,-1518.6327,-2911.8645,1787.5182,1877.4197,-339.94345,-164.56055,1
2443.7476,-624.2811,-985.02875,871.35846,-1877.7042,-563.8503,1905.532,2049.6238,1
3273.8118,1841.3436,-3543.1873,-436.8804,-337.7436,-934.14594,-2550.2573,-832.57947,1
-127.13862,-1814.572,-877.1067,-793.5079,102.88486,1563.433,566.34644,657.4883,1
773.56683,2344.8928,3528.2134,-325.28214,3168.7815,176.02872,-410.37155,-1165.099,1
1040.2893,2319.901,3205.1873,-38.350494,3015.0344,232.94417,-656.8922,-1076.128,1
1176.9854,2044.2067,-3255.9968,2344.9375,-1727.5841,-858.42053,507.6134,1054.2244,1
-2323.3857,-140.20819,920.9427,-2049.9717,4.8457365,30.950743,200.40877,-309.36072,1
-224.97678,1993.0994,-325.87466,-1715.1677,-231.80678,1072.2635,129.3691,-742.80646,1
-1296.427,1368.5323,-330.70544,1802.674,-61.268063,-1200.6395,-89.058334,812.6922,1
703.7769,-632.5038,-2659.0366,-1810.9683,547.16504,-1837.0636,-2242.4133,-406.2188,1
-604.81665,-1067.1874,1325.1788,-260.90222,2373.537,-2137.3484,-2733.5103,1071.0693,1
1236.2833,584.42957,-250.10876,1576.852,1228.2993,2414.8628,-48.49381,628.5303,1
-2240.7874,1344.9565,1960.1218,-240.33293,-895.87164,1070.9341,-292.0286,-821.9689,1
-2257.1934,-1868.467,999.1914,-101.98055,-546.53375,709.33514,-783.7221,129.24823,2
2559.0718,472.78406,7.944831,3208.4226,289.91373,2273.0474,-603.1047,1917.411,2
-2220.4028,99.724915,-839.0444,113.28879,-1401.0692,-912.9171,-2034.2361,743.65283,2
887.6098,2569.5405,1689.9636,971.15076,453.0739,835.29816,-199.44464,-55.452023,2
1039.5046,912.4633,-2420.8567,2080.303,-1995.5725,-812.0165,1833.5837,1933.07,2
-1511.854,-1397.1885,-2856.3284,-353.88516,276.31168,-646.2281,1028.9333,370.24503,2
-426.31497,-1156.4413,2069.6978,409.46704,1360.7117,309.43597,-2230.9202,1559.6328,2
3862.1052,-343.06476,-235.95374,1733.746,-2110.6755,-853.0617,149.3144,293.085,2
1390.8973,1706.5923,2499.9954,1360.4058,2261.6382,227.28712,-1587.0765,279.72974,2
-163.9416,-1020.07635,125.23199,-1450.6735,583.6286,-466.85364,1020.1802,24.070505,2
-1420.5695,-494.50854,-876.8987,106.694855,-22.347437,-1116.7051,1011.2475,427.21887,2
5588.7334,-1547.3007,1340.698,-308.96136,-4.992656,-620.3263,-1545.3207,-2023.1239,2
-1441.8298,-140.80826,671.10754,-728.76746,84.33366,-1559.9725,1220.4515,-781.82556,2
-1644.1243,-1037.4939,-1365.3682,1228.3796,116.677025,335.01205,491.5739,95.532906,2
-2164.387,-43.86703,-1588.2224,-116.597984,-324.39172,-1107.0531,-607.28314,-656.2664,2
4371.584,-50.056217,1070.9883,845.05035,-1787.9427,-1390.2472,264.73624,-392.86594,2
2488.0063,1567.8055,-1797.076,431.744,-1465.77,23.752357,-77.65144,649.7462,2
2227.6184,293.53333,-1590.3931,3233.2683,-2245.0085,1146.3151,572.63916,2953.282,2
952.09875,2622.153,1842.8052,1028.3452,789.2266,1447.0634,-541.38513,-408.7121,2
-980.3432,1916.523,-1497.1453,-2819.464,873.10474,-643.4845,-102.064735,1273.2896,2
-932.94855,-906.1632,-2654.7273,1102.4717,-173.78073,-1287.742,592.0133,-536.44324,2
1399.1746,-457.541,-925.20557,-660.1666,1741.1566,1048.3472,-2656.426,485.2483,2
-164.31488,-1822.4242,-3445.3845,-742.2968,-245.53607,-1187.7017,-2989.4038,255.24147,2
2882.3608,-2861.43,2393.623,-1123.9602,114.32798,611.7275,1112.5325,174.26967,2
-1464.5797,-1211.4066,-2765.0125,0.45802087,100.54553,-839.4349,876.6339,-13.803493,2
-1115.4095,716.4924,334.23123,-214.44044,1643.6127,-1544.9729,-2479.4778,1185.8945,2
-2840.3906,950.2243,-677.0317,197.00026,-1073.157,-2239.0408,985.06537,-378.9507,2
3131.1672,-1402.4252,-1360.3713,290.32132,1764.4956,2573.8274,402.68344,-760.5088,2
-1682.3221,-3048.2476,-489.98618,267.61023,488.30814,-905.9487,1683.5963,665.30597,2
-533.6434,-2483.213,-3608.292,1573.8844,608.2254,375.65726,-306.7849,-1065.1151,2
319.34064,-232.54018,-614.57965,-1744.3695,734.5467,-627.87067,-687.3526,156.83795,2
-858.95844,-1181.896,-3474.6062,1034.2347,-263.94354,-409.0224,-319.74683,-549.0804,2
-414.81686,37.26314,1774.8796,244.90637,1715.969,144.76479,-1320.6996,752.58167,2
1022.00757,-410.42868,2874.4578,462.4153,1465.367,1837.8441,-1053.079,-108.07324,2
-334.79413,2587.671,582.3333,-1260.0692,2452.7812,121.98407,-910.6842,586.5754,2
394.5907,-900.6047,-3059.8767,-1753.4756,571.6366,862.2209,-784.8139,938.4798,2
-1165.1968,-905.9248,-2607.0334,916.1911,-341.26187,-955.8226,613.6241,-728.6208,2
1434.2079,-413.9091,2211.3452,563.04504,998.6186,1652.4187,-1325.0515,-170.27426,2
1263.0396,1159.9778,-2144.299,-1413.875,517.88165,-403.2393,442.65137,1306.388,2
799.7429,3885.5095,-1306.2668,-1040.1558,659.1021,-703.14,588.85345,-188.71149,2
-2128.3235,253.17636,-962.54474,299.18008,-918.97003,-783.5916,0.54231936,-1247.6469,2
-2039.5836,198.32852,-647.2653,-9.364474,-890.9564,-732.9452,142.13474,-699.6176,2
-109.607445,1668.4019,-955.83984,-1195.0497,1777.3746,-152.51695,429.66907,335.17664,2
176.31152,2464.9827,-238.69702,-1469.5071,-996.3642,-918.7697,-142.99826,444.6675,2
1495.1154,2094.224,2642.49,790.00995,2286.8577,318.14395,-1701.9435,-159.88826,2
-1371.8457,467.59433,2465.2585,1666.7649,1236.9792,-1311.3896,-1984.8083,1081.8352,2
-1674.3694,544.4002,-866.3168,784.9762,-126.42036,-583.2395,1735.6915,-674.0658,2
-1649.0161,-93.24088,-631.2716,2076.0007,-71.64607,-1959.751,-1425.2604,993.0989,2
2716.3867,1577.5914,-1792.5582,976.2058,-1123.9757,117.42752,399.86713,477.64087,2
5115.6025,-2332.462,1321.7059,-821.26276,121.81576,-61.98247,-1303.5657,-1500.4231,2
-383.19183,-2207.0532,-3610.2249,1526.3077,816.2722,-745.925,-447.549,-1315.4592,2
-282.9742,1382.5763,-1131.3627,-1104.4976,1458.4125,-34.97897,77.25928,295.44797,2
2809.7795,-2791.4998,2324.2458,-1019.2636,265.19193,668.4902,1125.534,98.42451,2
1080.4143,2264.5857,1831.842,1571.5145,849.0033,1172.8778,-392.37894,-337.65222,2
2423.6453,-444.08597,-517.52014,3537.6938,-989.99036,2479.6572,1035.6957,3275.6047,2
1299.064,-1716.5554,-2828.3838,-2083.8428,-900.5568,-1226.7567,-1397.567,841.5789,2
60.195774,288.62375,-1848.0264,-751.9723,253.53082,-691.92584,793.80743,843.0161,2
-473.10522,-1978.2819,-3343.3894,-267.14337,-173.00276,-1044.7068,-2923.2822,179.39111,2
-1677.5051,-3484.6472,-415.4826,1053.9917,257.03354,-1080.2345,1016.94855,150.65904,2
-1012.3203,-1702.8016,-1958.7349,1281.5681,933.1227,142.77762,547.8677,-1068.4792,2
-935.25836,-1536.2499,-1810.9009,1567.2996,1530.0454,277.7026,-344.57034,557.9008,2
-840.15967,-872.4384,-2678.2512,1089.8419,-147.75081,-1395.8438,395.87823,-316.75735,2
1049.4658,-1551.2512,-3196.437,-1774.204,-963.7545,-1305.61,-1482.1785,799.63245,2
325.07834,-298.8381,-689.288,-1727.2717,716.64667,-480.04556,-662.89374,135.83336,2
-596.5969,1080.7183,1673.1764,120.61564,1775.3538,-377.65878,-1503.1943,1079.0635,2
1316.488,-1299.9509,1287.3485,2159.3435,-1924.6667,1405.7412,2826.9414,2112.329,2
-1796.3282,-2396.1648,-1777.9819,35.603558,342.892,-511.27466,555.716,155.463,2
-850.24005,-1330.4934,-1734.3481,1574.5469,1720.1024,123.42231,-265.11896,792.0067,2
3581.6858,-1802.7234,1579.8854,-1532.9911,-171.11623,-1209.2163,1408.1342,495.99664,2
824.32996,4668.2754,-917.46075,-1088.0653,613.06433,-895.8458,935.2921,-480.17227,2
-163.21288,2619.2722,863.85956,-1257.3589,203.96185,1649.0135,1121.9467,-992.7946,2
2183.2168,2638.8223,-1141.4224,-837.0706,601.56885,596.7449,986.80286,181.0656,2
-1660.3796,-159.38258,-612.62024,2172.1343,-60.963387,-1914.4545,-1046.0912,962.8127,2
-2231.5618,-8.636846,-28.191605,-109.06169,-1566.1768,230.59337,-1968.2344,178.25002,2
1378.5302,-1536.0684,1174.1271,2374.1848,-1901.6493,1316.4193,2276.0032,2010.3403,2
-437.39166,1532.0396,-964.12024,-1254.2124,1702.7572,-219.27605,260.31442,357.14432,2
4542.347,-2913.3538,1941.9956,-1544.1726,521.2201,-104.860344,-956.5759,-1435.3641,2
1111.5671,2275.463,1536.2307,1293.4504,718.0208,1290.5231,-556.04047,-334.7022,2
3356.0854,-1687.3269,1276.511,1144.5773,-108.703316,1339.9888,-894.94946,342.4354,2
2866.5933,1324.3003,-2053.2083,1463.6053,-1183.1686,130.30663,162.65118,382.05386,2
-1097.4252,-876.12213,-1883.6827,-88.56372,129.76357,-327.29327,227.43695,128.61911,2
-2704.7185,1780.1237,-1220.5203,-1440.1691,85.07064,-1604.1967,807.4779,956.72626,2
3927.7366,-1199.6486,1694.0131,-1087.9568,-792.1968,-1419.5039,1007.14014,63.799637,2
-592.3717,-2825.7202,-3549.3186,1629.3057,851.6797,487.86725,-78.71033,-1108.6067,2
171.59099,-2253.7866,759.53687,-1333.2495,1689.3375,2453.8625,1938.3326,-554.3191,2
-2052.7715,273.89276,-1240.1472,-1075.3873,-814.30505,-569.4659,-1651.3132,985.83203,2
5577.634,-990.0833,825.1289,794.2965,-1293.151,-620.3296,-1621.5972,-1392.8616,2
1711.934,2689.5784,1160.5712,2063.5999,-556.27356,1394.194,-136.09279,316.0553,2
193.247,2361.1047,-1746.1458,-1224.8909,364.2397,-1369.4103,349.15268,513.2696,2
-985.23883,-2799.9812,-848.5428,1347.5721,1053.8564,227.66736,1472.6482,-519.6957,2
2478.886,752.30096,551.6346,3212.6624,629.47864,2320.1733,-448.90726,1931.6576,2
2298.474,-2987.772,1924.1561,-1250.293,662.2813,1323.0005,1505.3936,460.01608,2
1067.3801,1562.3226,2036.328,127.32793,2596.2292,1352.7578,-1172.037,-661.0941,2
2053.1887,1318.1329,2512.604,1951.1415,1538.0072,916.38416,-1630.8746,412.3891,2
-227.41406,-1890.1361,-3677.5015,1474.3375,553.4819,-825.1458,-643.4042,-1200.7771,2
5636.8096,-824.8407,809.21936,959.73804,-1514.2611,-693.9153,-1471.9911,-1331.4546,2
400.39444,552.06067,-1994.1873,-69.84734,-297.10147,-1129.2157,226.78613,170.02489,2
-1014.29694,1208.781,-1826.8972,-2329.3608,219.87747,-383.9069,-665.9783,672.4735,2
-1880.876,1025.4554,-572.9151,-869.25165,816.92377,-137.0322,78.03713,72.03879,2
2380.688,637.86835,2047.6477,3154.55,1964.2196,1686.9996,-959.857,1310.6267,2
-837.2083,-2963.459,566.8957,2530.343,1409.1597,1297.3109,570.625,1498.7284,2
2829.0056,-868.5617,2952.0615,2537.0051,712.8339,1755.86,-279.1699,666.3978,2
-1681.915,647.67615,-1560.676,-1741.6234,-491.70444,-592.78815,-1236.2975,1010.5946,2
858.6274,1949.0968,-141.69476,-1907.9558,320.1687,710.27246,894.2055,-631.1024,2
-2460.6277,-2373.5623,-1401.9192,1143.1428,185.82326,-931.917,461.6982,-475.26123,2
3317.6318,-1713.5105,1509.0824,-1630.3815,-187.1628,-1070.6731,1349.1917,465.99036,2
3171.2625,579.4101,-945.3914,-991.8967,253.13405,-250.24406,-858.15295,-556.66534,2
-1374.9894,1030.8268,-864.36237,-842.3878,1152.0013,-57.38353,-23.439716,179.40375,2
1390.3392,1630.9336,2315.8694,1486.9023,2205.5608,258.9072,-1771.0028,233.2668,2
1721.5795,2450.2124,-869.7232,-1173.9872,651.36487,886.47504,1045.7748,-177.28085,2
-1782.3073,-999.14984,-1003.5174,1411.5309,-211.09444,163.88876,1059.9475,173.75504,2
-1983.8373,-675.94354,-634.3521,1278.5427,-219.09534,-234.70526,1159.9409,268.67862,2
3933.3635,-1234.7152,1586.6536,-1321.3414,-565.16425,-1522.9843,1150.5461,190.33548,2
-1566.1276,-1833.0774,-971.694,2397.6643,1095.5255,-1107.6034,-564.11304,579.0792,2
-1329.0066,937.07434,-1793.9059,-2050.6519,-152.80882,-349.74796,-1167.45,799.18396,2
1864.506,-1601.7509,892.75806,2617.5002,-2064.4307,1648.5691,1641.9796,1849.1543,2
3951.4985,-3066.616,1618.6188,-1753.1179,903.8167,40.484814,-831.6575,-1031.1124,2
-997.9777,-3018.1787,-1505.7614,-715.5633,274.59344,-457.6302,499.25784,975.871,2
1221.3241,-917.42645,-3014.125,-1257.7026,74.513275,168.43932,-801.61194,625.6384,2
1086.0107,1955.4266,2993.3281,1127.961,2379.0527,295.89432,-1607.929,-190.42767,2
-1683.8116,-69.02712,-724.9456,1922.1948,-141.81557,-1979.3505,-1284.5311,789.0493,2
-278.28476,-2409.754,-143.89774,-1715.5068,769.627,1404.023,-548.6465,691.1678,2
1652.048,1332.0162,2027.7485,1752.0762,1691.9565,399.0955,-1692.036,990.15393,2
-486.55603,-1583.495,402.81287,-787.3966,529.88116,3062.7698,441.63852,484.8351,2
-946.617,571.32404,-138.75716,-1082.023,-474.11258,-912.97394,128.39958,-689.01117,2
1502.7667,-295.93286,-1005.6146,-629.72614,1765.7352,905.6062,-2644.708,344.49744,2
1962.055,1508.4932,2739.946,1569.1562,1672.9117,651.77057,-1519.7898,124.44259,2
2579.6418,-595.96106,2843.373,2493.91,1470.7091,1660.0776,-682.4401,229.70757,2
2698.0017,3224.764,-1192.889,-62.763294,315.63617,370.3208,1195.0183,259.94183,2
-1963.5919,-3.7056193,-326.82767,1576.961,-408.27246,-1719.1669,-1713.7281,671.7839,2
2644.822,-253.1383,387.547,3618.4011,-15.1873455,2223.4377,36.937954,2400.8267,2
-60.644566,-2207.6143,2134.3352,1581.3219,-951.0836,-222.88776,610.2471,-27.168655,2
-564.8154,-612.587,1360.5293,530.0253,1675.1643,250.30115,-1542.6927,674.2505,2
-168.92183,1929.169,-1812.0243,-2689.3633,798.93555,-724.2624,-142.22847,1278.3353,2
979.7942,253.69008,2869.3586,315.42813,816.4922,374.4516,-1402.0503,267.8657,2
-227.86249,-9.167035,484.4727,-1658.711,873.98096,873.7104,1996.5377,-1004.3438,2
730.87555,-380.2932,-2837.4927,-1281.3596,-19.013458,-128.42987,-703.4063,684.9291,2
-47.13643,2781.3147,513.12067,-1257.0759,2124.111,428.91687,-975.17346,51.139523,2
2396.8381,-1340.5659,1171.0581,2963.5269,-1799.5782,2115.8994,563.9302,1323.3273,2
-1865.1058,-2207.7139,697.35376,-529.5643,-205.19063,1062.6827,-665.7759,346.7442,2
1078.8905,3012.252,-1590.5002,-2202.5667,1042.2212,-1197.0867,561.5082,277.85666,2
1556.3406,-563.8941,2426.52,653.3566,1281.766,1891.6029,-1125.8167,-240.70883,2
1953.751,-986.35626,2014.7498,832.3288,699.884,1724.3491,-1398.2959,-129.56065,2
516.8366,3052.582,-1680.082,-1179.2559,437.3403,-1025.7632,89.32589,376.63016,2
1012.87305,2004.0437,-535.1199,-1716.5398,514.07715,581.84375,878.0361,-391.2426,2
-954.72626,808.8672,723.7188,194.36159,1508.9509,-122.912636,-2245.5618,1314.7015,2
1219.6764,2472.6284,1617.6617,1366.5372,454.1522,1589.1454,-708.0388,-186.96152,2
-433.9276,-2079.2378,1277.2626,2167.399,242.89276,890.2902,-280.6741,1063.3103,2
-1698.9384,-1327.6216,-960.89355,2536.2786,797.0191,-1485.7683,-555.37506,667.4592,2
1751.0433,2797.2258,967.70215,1983.5562,-1315.9135,1275.2489,-22.619799,84.061005,2
-1306.0244,-55.417637,38.9719,-825.96094,455.02808,-767.4414,-436.08182,-505.36603,2
979.4015,2959.2778,1899.8073,1131.0197,1253.4004,1831.7234,-19.195309,-279.85065,2
5523.941,-1183.1453,1043.2059,236.53714,-703.7433,-502.15552,-1605.8741,-1801.0172,2
1245.5813,1504.8131,-1376.9369,2017.0176,-3125.9053,95.07305,2076.7068,1880.5555,2
1331.5317,1189.6195,-2185.6448,-1361.7932,602.3358,-448.56232,508.5902,1168.2657,2
-1408.759,-1708.3081,-1264.9242,1445.5358,686.9972,926.9666,673.15625,519.0529,2
1096.6709,1846.61,2743.0896,1048.5682,2277.967,306.3884,-1615.4558,-324.65775,2
1093.8629,-25.597979,2694.363,327.32947,1042.2336,1264.5989,-1294.4506,-6.7777176,2
-62.609924,2324.9026,-1569.0984,-1333.762,87.93677,-1786.9998,790.56354,1089.676,2
-1223.8262,-1792.3826,-2105.8315,1025.8749,823.2082,-824.3084,-1451.4088,621.919,2
-1659.484,-88.070625,-680.3848,825.91846,-256.38406,-713.3664,-322.6223,-29.752754,2
-2252.6846,1497.7761,1766.9286,-400.97318,-699.6815,1445.5862,-497.93375,-696.13434,2
-2115.306,129.975,-696.99164,-299.39865,-1066.3518,-978.2378,607.2602,726.4315,2
-613.95856,2305.9211,-1258.6206,-1238.1855,138.50208,-1861.4556,1231.8859,1019.6389,2
-387.3592,2593.4175,921.5443,-1275.6674,246.15852,1656.6453,991.2758,-1063.05,2
1808.3229,-1613.4524,644.8286,-1500.1184,675.9403,-702.2691,1373.3313,527.8346,2
-1477.1075,-2547.6025,-410.23465,2018.9296,1820.181,1603.3029,1072.859,1003.99347,2
4221.4043,-455.5799,1490.8948,-312.10742,-1484.2341,-1592.9282,156.65393,-409.111,2
-1091.5588,-2669.3577,-131.20856,2339.2524,1857.2316,1502.3528,776.7383,1236.5541,2
2413.6533,-1473.5457,1669.1936,3015.313,-1472.8506,2259.6816,547.0135,1211.4719,2
-951.35156,-557.58246,469.16757,-543.74774,80.85738,-1219.9106,1077.0127,-579.2153,2
1427.3312,1686.5931,2427.9448,1266.2473,2242.3777,219.88243,-1610.9849,138.8306,2
589.0789,-1304.6898,1668.8629,1561.5259,-287.43823,-227.02533,-1254.9478,1261.121,2
2989.5894,-2687.8833,126.182785,-2085.7815,1440.1257,-20.285847,-868.7346,-570.3136,2
-2211.514,-2117.4114,911.8365,-292.1448,-800.20844,855.06116,-845.62415,52.957172,2
-1893.2554,766.0078,-1875.7349,-1412.6573,-39.488777,-836.50665,-806.7603,450.4475,2
-657.78406,198.82834,-2595.127,-235.70636,-154.71803,-1673.6558,-524.2985,932.3045,2
-749.67285,-1913.4441,-3020.712,415.38422,238.50105,-935.36945,-2277.533,188.66809,2
-657.40375,-2660.3901,1018.3278,2336.8062,909.0331,1288.5415,280.3432,1370.0464,2
1058.097,-759.1292,-921.37006,-864.05817,1438.9767,913.6674,-2385.991,868.4626,2
-921.6761,-977.37354,-2669.4414,1027.7686,-213.28926,-1137.3912,333.90488,-456.31024,2
2083.722,2959.863,186.03242,247.73328,192.46413,1360.7257,-1299.9679,-1144.3807,2
-2368.9504,724.11914,-72.88755,-430.98477,-280.17166,-926.49524,-293.8119,149.74817,2
-26.871983,-1236.4814,159.87381,-755.4993,1289.9034,3310.9128,719.4266,639.184,2
1523.0992,2099.5916,2464.7197,910.0699,2142.9592,356.24954,-1678.2699,-154.941,2
-1472.6722,-733.95825,1608.3984,1531.0521,2382.2979,109.41838,-1068.5934,1340.2935,2
1077.3043,851.1996,3727.0076,-35.810757,1157.5376,135.41145,-1084.6053,223.17862,2
1412.736,1616.5077,1803.4049,222.8832,2528.5315,1588.455,-1013.48047,-628.85815,2
-140.19681,-2507.184,-90.01595,-1534.1532,460.0687,1342.7523,-882.5588,692.5837,2
-1813.5609,-490.82224,-647.22894,784.9303,-545.17645,-777.00024,710.1253,341.97845,2
1435.2336,2910.3674,1592.6936,2012.8462,-217.9949,1573.693,214.31255,327.02673,2
-2094.7954,-38.14062,-1629.0782,-4.8440194,-418.5136,-1116.3832,-633.6959,-706.61316,2
1195.4548,1816.8207,1229.6649,1453.2559,739.1143,1038.0013,-751.0438,-493.76495,2
134.84148,-2169.7522,-2857.9197,877.40405,121.23133,-279.9563,-266.6495,14.514272,2
-2748.628,41.40585,82.27152,374.52844,-1761.0613,-31.699509,-1955.7704,-150.08571,2
-1201.2953,693.69244,333.7006,254.51775,1532.0664,-1644.412,-2246.528,1142.9634,2
1381.659,3150.2866,309.9069,-270.92505,792.00543,1338.3434,-1229.2428,-973.0318,2
-1494.3754,-2254.1772,121.72991,-617.1437,-340.21582,1258.6622,-830.00494,442.96603,2
4430.4473,-236.18362,1188.9603,-106.78405,-1465.3955,-1733.4769,236.34026,-484.09705,2
1633.0941,755.8959,2255.7896,337.7526,2515.9658,624.04364,-1997.3732,-69.08317,2
2155.4639,1125.3378,2763.5842,2264.4048,1706.2563,942.3849,-1575.0464,693.93427,2
-1148.201,1694.0928,-1608.4955,-2509.913,640.22125,-598.4892,-295.08765,1138.1619,2
2428.6829,222.53365,2720.1306,1822.2404,2120.9895,1369.7528,-1593.8248,-136.64598,2
-539.63434,1962.5193,-1406.276,-721.3561,-58.305202,-1908.2045,927.4836,827.3597,2
3193.1428,-2823.522,2481.0864,-1141.3214,-106.55635,428.2261,993.6252,235.87585,2
-412.3382,-2061.5745,-3655.286,1469.9585,674.5545,-771.6275,-553.3197,-1228.0269,2
2137.1428,1335.0369,2498.029,1783.7283,1440.7109,675.08905,-1677.3529,190.93434,2
-341.917,-2367.9521,-3672.6567,1782.9448,716.76715,-262.76782,-674.39166,-1076.3259,2
-1191.8381,1939.4685,1116.9489,-808.73206,-190.71823,1567.8069,-253.26788,-930.4863,2
383.9679,-248.41652,-4126.504,1072.0004,-671.9869,-1750.8793,-1809.5322,-261.1171,2
1051.9487,1018.1801,-2346.1428,2162.0076,-2041.281,-788.87994,1971.366,2006.4832,2
2684.2861,-273.87088,-700.84375,3747.7388,-316.71033,2476.8477,422.65573,2707.9878,2
1550.2249,-1603.2902,-866.99194,-760.24756,1709.0323,3140.54,894.2278,248.02882,2
-1799.4788,332.73248,-769.87866,-1361.2112,-244.17772,-123.86278,-1246.8092,-436.8893,2
-32.386715,2439.7449,777.9,-1370.9133,-112.96621,1196.7358,1313.2482,-873.7753,2
687.29346,-428.2462,2943.7837,380.98694,1371.9841,1591.1388,-902.29297,62.53663,2
-2710.171,-2011.1646,-1082.6282,1086.6158,104.74733,-1063.0161,707.008,-648.5083,2
-2311.2568,-789.70337,-1998.0189,851.19434,112.34369,-1578.6239,1508.1547,-926.2102,2
131.82059,2861.857,-1350.6077,-1618.9962,657.0469,-1281.9626,802.12573,447.5652,2
1198.0883,1022.11914,3161.5398,99.1853,997.2095,8.213194,-1434.0594,109.93564,2
-621.9206,1835.47,-310.61658,-1265.9801,-1040.9951,-1377.9895,-247.58617,246.84726,2
1202.9304,1757.492,1085.1339,1913.3622,1041.4552,1093.6887,-780.2809,-377.05325,2
-1764.3649,-138.75693,-688.9728,245.68784,-981.9923,-952.2486,502.68707,632.282,2
-2994.5232,-86.61464,671.42474,382.2698,-1740.1565,-358.46722,-1482.0187,-170.87482,2
-1299.7736,-1721.3367,-1339.1302,1477.559,694.3345,898.9677,580.82056,622.7531,2
3805.8728,727.57904,-888.03754,-513.49066,283.584,-89.7933,-664.31934,-862.69214,2
2588.068,565.0849,1304.8171,3038.486,1291.329,1594.3899,-1205.4279,1304.4972,2
-1323.6556,25.749542,69.77421,-1241.3082,504.25238,-687.36285,-322.86313,-418.8676,2
5423.999,-1742.6957,1509.7037,110.239655,-802.19196,-161.29503,-1388.4188,-1464.7522,2
1065.7416,-1573.0824,558.2403,-1559.439,815.1155,-364.2009,1506.1527,273.95984,2
-301.91666,-110.83696,469.97736,-1677.2107,949.8497,1187.8623,1810.3392,-1098.3916,2
553.874,-2942.7988,357.71176,-2032.5111,822.29663,1250.4321,-661.2772,290.77264,2
-2796.6284,932.034,-1346.2179,-300.66718,-504.52466,-1473.0807,433.0967,-135.06374,2
1945.6544,-1562.3512,1022.3535,2668.9937,-2112.526,1835.6465,1861.0096,1999.1449,2
-315.6958,1960.4872,-391.7276,-1349.3246,-1056.834,-1213.1433,-406.42224,271.7635,2
-2675.1553,77.44167,171.87387,131.54271,-1657.1912,54.919155,-1917.4265,5.4179063,2
-2078.5754,1581.7875,1694.7404,-417.82706,-734.0707,1108.8174,-122.70715,-798.0472,2
-1957.2405,964.56274,944.33417,955.77826,1826.3247,-1929.0424,-1601.8782,623.2234,2
-1498.4863,212.67451,759.9099,-826.5776,-332.45413,-1661.4666,915.6002,-767.16815,2
-1185.1729,962.96075,1153.4017,-57.437702,1806.9985,-180.92732,-1839.8778,1303.0854,2
960.9051,826.007,1641.7986,2084.1165,1838.7552,1777.1931,-521.1466,-154.70467,2
-2089.417,-432.7033,-1257.7603,1351.983,-353.52087,-1953.6007,1653.5862,-907.1462,2
1876.8986,81.14249,-1025.2733,-584.4126,1553.7518,243.68494,-2647.4697,-419.23828,2
-2223.4587,1534.5248,1834.6702,-327.63358,-724.40015,1113.1951,-167.30417,-818.35077,2
-924.67145,2055.5686,67.92161,-1652.199,-999.5605,-1347.5562,-19.163332,260.19373,2
-1130.1779,361.805,-1548.4164,-931.4907,-405.03458,-759.4198,727.71204,1193.7992,2
-1513.4849,1880.8892,265.08383,-1497.1393,-846.0775,-1734.9464,442.6995,177.99982,2
31.905209,-1422.7574,1538.588,1904.6182,-26.327879,40.54635,-593.3076,1156.1448,2
-1114.1277,849.4518,1000.8775,377.32828,1634.9238,-470.4321,-1799.1803,1215.8452,2
-2124.1309,697.5834,66.35463,-1025.3195,-2693.285,1523.2745,-1322.8657,-539.65485,3
-2144.607,-2419.437,64.12568,1369.4027,723.04443,-207.76907,1094.3636,-2486.1675,3
131.53172,-2036.9352,-2190.5396,-1458.4108,48.64845,3000.9624,-254.56989,1109.6454,3
2742.6116,-2651.9016,1949.6462,-2559.277,-716.6531,-2396.955,581.9143,1436.3422,3
1112.3524,-3815.365,1126.5563,-1618.4742,216.86363,-1288.5175,1554.5254,1073.161,3
-2230.966,1477.456,-37.50445,-1883.1942,-2227.8762,1478.6648,-714.13055,-46.046776,3
-3201.9824,226.37077,1327.1893,-365.3293,-2848.636,1355.4786,-1055.4735,-986.09314,3
-1812.5481,1237.9369,-95.34634,-1618.808,-2214.848,1603.198,-968.0093,-175.56651,3
-2635.4185,340.46695,504.1452,-270.5161,-2812.3877,1292.6497,-1440.4138,-1033.4784,3
-1301.2303,-3305.9395,-88.45482,443.02664,1317.807,116.91731,1721.2344,-1265.9668,3
-2757.6865,402.93228,1091.3082,-182.22003,-2939.1873,1291.7999,-1425.739,-1129.6785,3
-2811.7507,721.96716,670.95996,-862.30994,-2840.3928,1479.3713,-1110.5629,-832.39685,3
4101.5605,-1599.6659,3357.032,-1600.3329,-1835.8921,-1316.9728,-921.2374,-278.3977,3
-1003.8977,-3589.4841,755.3535,-300.81616,1298.8936,-478.26797,2144.9165,-307.76617,3
4447.537,-1322.1282,3194.4197,-961.6343,-1655.5181,-1499.7197,-538.48126,-811.5683,3
-690.95526,-2141.2861,-1379.8538,-1546.2928,463.9864,3491.262,497.40057,1044.9702,3
3756.9333,-2302.562,3312.0366,-2802.5952,-2010.0848,-2567.2983,-421.3217,586.57904,3
-1660.7484,-1701.5319,-883.14343,-846.8288,-1097.5703,3203.1375,-344.93903,259.7868,3
-2164.407,430.13678,667.55835,324.4417,-296.64612,-1584.8324,200.48154,-975.9265,3
-1188.0552,-3507.0225,682.64514,-181.53772,1322.779,-387.42325,2008.8029,-501.2813,3
-2161.156,-785.2739,570.6343,923.57874,-561.035,-1777.74,572.10187,-2207.6138,3
-356.04788,-2014.2822,-1924.5419,-1589.2587,-0.07631241,3179.3594,-23.2141,1105.5636,3
2909.516,-2660.8323,2165.4602,-2776.9905,-1533.677,-2680.3362,171.7048,1345.6729,3
-2888.8887,-797.0133,1089.4583,-621.11414,-2099.755,2113.86,-286.00034,-650.6337,3
-2013.272,-474.20166,687.4596,921.6661,-434.92242,-1938.6495,517.47675,-1672.4403,3
-2609.8552,593.2139,744.35504,-666.95044,-2876.031,1558.1674,-1214.4489,-951.4091,3
-2187.3804,-1803.7732,-791.3803,-1183.4828,-703.7933,3356.7925,45.02351,173.57837,3
-2352.256,-1636.2917,-333.69034,-891.6153,-942.65704,2991.4248,-120.10978,-55.058674,3
-1739.3293,-2849.542,-460.16342,860.33594,698.0357,-4.065262,1057.6414,-1981.3805,3
1213.7122,-2716.277,-2769.1187,-1426.8861,772.14856,2857.3823,31.498812,417.23886,3
763.9734,-3947.9412,1102.3278,-1361.9259,525.2236,-997.84644,1794.3408,981.76514,3
4207.909,-639.00256,-2201.045,-361.13065,1579.1703,254.12909,736.7166,-1651.6677,3
4118.0713,-1550.7207,3882.4697,1330.4401,-2626.6763,-736.45105,1087.0132,-270.88446,3
-1933.6671,-1556.7908,-573.43585,-645.31433,-1490.8951,2613.079,-557.7006,115.98368,3
4397.5728,1579.7345,-2724.5854,1465.2996,-879.2954,-200.77042,-637.9991,-1573.8245,3
403.46555,-3997.4558,1192.5275,-1148.3768,799.285,-778.80273,2174.548,953.5343,3
4621.632,2508.8955,-2789.0083,790.34906,-372.40738,-1017.43866,-1338.8384,-2151.7354,3
-2341.2178,687.8394,219.16,-944.3486,-2823.7644,1482.0865,-1346.8934,-627.3727,3
-3225.5708,279.19415,1290.6202,-301.5885,-2807.5251,1287.1228,-1042.5248,-1061.5188,3
2672.749,-2638.5625,2140.41,-2606.952,-1405.8888,-2860.7766,369.09973,1399.9218,3
4340.7285,1062.7933,-2732.9773,864.5213,1164.5471,-226.81084,-655.76447,-2306.4932,3
-2315.2458,-2064.3564,7.3461266,1276.6774,528.61456,-693.49335,1284.3484,-2770.8357,3
3941.1404,-1780.2427,3390.1404,-1906.1145,-1871.6758,-1500.9396,-914.49493,-96.422325,3
3810.0889,-1334.1539,3359.998,2151.33,-3006.966,-82.392815,1396.5293,455.2389,3
-1479.8317,-1697.6729,-1206.7582,-831.45386,-980.98914,3167.2712,-442.9582,388.15,3
-493.4474,-3870.5222,854.2942,-544.928,1237.3284,-648.65375,2283.6785,223.83827,3
-2656.574,-966.0193,545.8378,-557.65576,-1646.2404,2213.9348,-204.01994,-477.66397,3
-2494.0918,498.84836,727.25183,-335.3607,-2838.278,1398.5953,-1474.2732,-963.1925,3
-2221.5022,1178.5603,234.71548,-1693.1196,-2341.5273,1689.3759,-887.0184,-378.89462,3
-2186.9976,-1125.1422,794.22845,1252.8705,55.58831,-1206.1716,777.8459,-2564.0134,3
4337.2183,969.8609,-2679.272,940.8965,-13.531946,-171.73961,-1001.3475,-2005.9604,3
4406.878,636.09186,-2534.8833,514.80237,486.3133,-155.02937,-552.6382,-1944.0718,3
4060.4304,-1493.5048,3758.4316,1928.9022,-3043.8384,-149.86763,1326.8212,88.82796,3
-1677.0148,6.227322,527.5543,716.99695,-414.55713,-1624.1128,190.43918,-1171.0588,3
516.0786,-4058.977,1156.3162,-1183.7577,679.5284,-968.7369,2041.7347,923.43506,3
2977.3284,-2592.1956,2355.5388,-2679.2104,-1594.9614,-2319.3193,47.573826,1286.3264,3
3322.7334,-2415.746,2700.5513,-2832.9219,-1841.5417,-2674.2317,-242.50212,961.9915,3
-2360.9739,880.2545,221.62395,-1265.285,-2574.8486,1583.4277,-964.254,-444.09726,3
2219.77,-2988.2532,-2789.6746,-2046.279,1656.5216,2367.193,1010.62573,-484.10873,3
1232.3682,-3843.5305,1119.8278,-1767.3481,185.61996,-1462.6995,1522.198,1012.0133,3
-1748.1277,-1745.7692,-1112.3169,-928.40717,-700.26105,3357.2703,-265.49017,214.25795,3
2545.1382,-2800.1628,2018.3013,-2567.27,-1334.4999,-2424.8044,430.5171,1493.0325,3
3652.483,-1406.9124,-2999.2195,-972.4052,1672.8768,1014.949,419.7342,-1658.0436,3
1602.5166,-3400.6265,1363.9651,-1814.4258,339.7002,-1566.6548,1410.861,1228.0918,3
-2256.6987,-2670.9026,-554.78705,880.49066,690.1222,-127.417725,1046.2988,-2313.3933,3
-1946.5892,-1721.1626,-897.0827,-920.71204,-798.90765,3311.4517,-216.1043,85.06668,3
-3002.295,515.70935,816.36145,-631.94995,-2855.1882,1317.1636,-1181.9697,-968.49585,3
-2318.9412,-1655.6625,-361.7041,-974.4547,-1229.3535,2998.408,-82.446785,270.84857,3
-2440.4028,-1456.9291,417.381,1183.3558,-119.97025,-1340.0616,973.4146,-2850.8347,3
4577.2344,-1420.1158,3179.186,-373.57166,-1719.4678,-1151.7014,-220.34496,-928.89557,3
2654.5293,-2788.815,2009.3972,-2700.202,-1411.7015,-2681.1746,429.612,1482.5166,3
4371.9536,-1628.8867,3729.6204,1496.585,-2719.5408,-244.50818,854.8633,-474.77783,3
-1848.2338,-1499.8109,-441.46756,-555.50507,-1625.9651,2407.4182,-653.6312,46.882248,3
-3027.0325,-295.2939,1377.261,-533.6979,-2289.9768,1496.0641,-365.54312,-486.01086,3
-2311.2507,618.13324,209.59587,-848.30817,-2760.5288,1434.4999,-1188.0408,-597.6023,3
-2015.4517,-662.179,616.9167,864.43896,-329.4991,-1612.1847,598.10455,-2096.124,3
-610.57196,-3641.6736,592.96204,-405.96033,1389.4738,-289.1659,1955.7454,-393.93924,3
-874.9257,-3444.949,474.46277,-320.01193,1255.0856,-182.21758,1889.6494,-591.16,3
4637.4697,2556.0764,-2823.3062,1126.5903,-671.63025,-895.2316,-1395.0734,-1902.9714,3
-1961.1936,1479.2252,-82.52392,-1922.8856,-2107.9849,1505.2562,-681.36755,89.419266,3
-2165.82,-1384.833,232.88853,1311.1022,245.36163,-1101.2856,979.4025,-2886.2693,3
-2336.0195,-1265.4338,487.96637,1138.4078,-300.57535,-1509.4244,881.03467,-2692.3723,3
4684.917,-1723.1985,3639.369,368.3561,-2177.7153,-761.23047,147.32428,-912.5256,3
-2788.0408,-322.8707,1160.54,-429.42712,-2446.16,1562.6868,-551.08545,-579.61993,3
-778.79,-3757.1287,974.9494,-390.91653,1308.8655,-761.6874,2330.7078,7.5077806,3
-3012.9524,528.77954,685.4415,-657.0124,-2892.694,1504.5344,-1083.7457,-954.88745,3
-2243.1577,-1419.2927,667.022,1312.0875,301.5182,-1111.9105,790.3756,-2667.1304,3
-3071.365,511.23337,767.7799,-583.71216,-2917.6003,1446.7118,-1112.6179,-1024.3739,3
-3204.3054,521.07074,881.3768,-486.3731,-2901.8516,1440.8779,-1118.3983,-1135.3595,3
-1261.8843,-3392.5925,402.05222,77.60461,1416.8976,-10.42641,2147.9775,-817.0573,3
4379.3335,2680.4104,-2937.5283,1800.3578,-1300.6202,-511.13452,-1201.4291,-1379.7115,3
-1881.2777,1474.4711,85.080635,-1935.6157,-2086.019,1613.3557,-646.6169,-12.407312,3
4387.262,-1308.9794,3209.32,-1302.0435,-1648.768,-1726.7465,-605.63446,-793.48834,3
-2905.2417,-710.68646,1076.1056,-670.49786,-1905.603,1919.6266,-126.595764,-542.99695,3
4196.887,2588.656,-3038.7085,1984.598,-1600.9071,-435.54407,-1127.5767,-1059.662,3
1972.1273,-2643.6926,-2796.6187,-2117.4119,1376.9713,2638.1707,463.15033,-139.37434,3
-2987.4739,390.75305,1510.534,-332.34088,-2850.7383,1217.4598,-892.3494,-631.258,3
-2328.9207,719.4514,226.49202,-1040.5809,-2728.718,1442.6493,-1135.7502,-514.19745,3
-2472.0476,332.69174,860.3285,-28.83973,-2955.9934,1269.3374,-1628.781,-1053.3541,3
2733.268,-2381.2043,-2737.2012,-2203.8782,1806.9031,2113.879,942.7882,-961.69196,3
-659.5154,-3785.4106,1018.2053,-476.86115,1467.876,-476.55533,2594.3691,171.36003,3
-2323.3003,975.619,211.4168,-1401.5979,-2443.128,1623.2623,-945.3222,-422.91025,3
-2807.1982,13.633825,1258.5552,-329.0988,-2589.2783,1275.5054,-682.2621,-494.6337,3
4105.529,-1669.2692,3377.532,-1839.3044,-1959.3522,-1864.477,-848.78284,-326.42752,3
-1781.4635,-2963.6099,-213.91301,949.2426,839.62335,99.30679,992.9928,-1902.6188,3
-2392.0044,-2061.0298,-134.15834,1170.6187,447.0345,-768.4799,1173.9703,-2801.43,3
-2344.3188,750.82965,213.53873,-944.0078,-2903.2559,1459.0236,-1300.1302,-630.53796,3
4089.487,2571.608,-2743.3596,1689.5613,-933.64526,-606.26953,-906.7393,-1341.974,3
-2008.9142,-495.7163,896.6051,1129.0569,-150.54956,-1594.4048,622.89056,-1950.7383,3
2724.0063,-2644.636,2180.4707,-2629.2686,-1497.2534,-2396.8206,281.2751,1430.8766,3
3869.4587,-2088.5854,3243.476,-2459.6377,-1977.9828,-2060.3892,-671.40814,277.72174,3
2653.386,-2685.779,-2886.0767,-1850.5349,1688.8213,1873.6891,965.05597,-782.48816,3
-812.48535,-3795.4727,759.8472,-501.77463,1330.6831,-517.0338,2350.506,-90.626465,3
-2319.1802,-1804.48,177.29579,1328.3344,307.3041,-1003.4035,1113.563,-2883.978,3
4339.8047,2193.1272,-2530.8726,1275.6019,301.3634,-633.9066,-789.5774,-2202.907,3
-1394.8585,-3061.8137,-607.632,842.3491,511.0947,-184.46303,712.7279,-1670.1053,3
4271.227,-1582.3013,3959.5442,1356.832,-2591.4407,-892.7748,967.34314,-428.74667,3
-2419.933,223.78975,785.7094,-1.015179,-3009.423,1229.5768,-1540.8743,-909.4616,3
-2056.0144,-639.6343,577.3231,870.2058,-517.0553,-1950.2595,466.64206,-1870.1559,3
1136.5598,-2987.2527,-2338.783,-1480.1129,1275.8253,3091.9258,434.74054,508.60776,3
-1594.4585,-3044.5635,-263.29562,821.58093,736.7061,40.35284,902.826,-1731.4236,3
4486.1587,2363.0583,-2932.021,1155.7931,-344.78204,-848.4247,-1629.5277,-2096.0566,3
3902.4011,2409.8108,-3001.9534,1853.3135,-1317.4987,-504.21484,-1060.4586,-1034.7516,3
-2491.282,678.2922,292.56595,-733.21094,-2945.9983,1442.0435,-1244.9634,-741.3746,3
4330.3945,-1752.6509,3078.5156,-1988.4374,-1623.9359,-2034.888,-595.52435,-196.09377,3
-2538.9817,714.7034,401.30112,-899.0316,-2844.0232,1416.3927,-1169.3676,-621.4601,3
-2365.1726,1047.8079,389.51633,-1590.088,-2483.0183,1724.5525,-910.5835,-521.1134,3
-2009.5132,-2680.3843,-436.17813,949.1336,791.2607,3.5648944,1108.2402,-2159.6335,3
3711.283,-1652.9015,-2999.986,-1154.0723,1792.4854,605.44916,592.8108,-1468.1779,3
2440.3774,-3001.5813,1840.5994,-2597.882,-1186.9568,-2624.6433,682.5363,1496.31,3
-1167.2896,-3374.6907,-292.39038,561.7694,807.32025,-360.14044,1102.2767,-1512.6475,3
276.23535,-3865.3599,1264.8494,-1034.1162,799.6768,-1185.6731,2125.2136,830.8783,3
4251.1445,-1643.6188,3435.4932,-1288.8915,-1863.8602,-1084.0756,-807.70447,-435.2618,3
-846.86786,-2129.7122,-1240.3793,-1610.9377,72.70427,3456.8865,326.61398,1075.0568,3
2199.5522,-3180.1638,1676.0347,-2445.6626,-921.182,-2451.8628,921.6266,1423.6198,3
-1489.9829,-3124.817,-615.85706,772.7798,437.79404,-173.11061,844.87695,-1702.328,3
-2352.7341,-2080.2869,-173.21428,1205.8127,727.349,-227.62955,1361.0686,-2793.844,3
825.1769,-2760.1604,-2305.4214,-1347.6599,1014.71454,3180.2852,331.6633,654.1375,3
3029.7612,-2445.0156,-2565.9377,-1659.1188,2038.2712,1530.1804,1067.2307,-802.1,3
-1251.3907,-3165.7786,-483.84805,786.45294,551.0679,-313.2044,792.11676,-1619.8364,3
-2122.3127,-2685.5603,-320.52466,1024.3699,730.19275,-198.86295,1119.8181,-2226.8296,3
-2232.8264,-1722.3374,507.71863,1375.1941,459.1135,-846.98676,940.80786,-2663.7322,3
4030.2993,-1966.5703,3362.126,-2237.156,-1890.6692,-1863.4764,-832.6056,-17.455433,3
-2036.132,685.9238,-80.06615,-871.6218,-2792.8113,1410.6366,-1436.5387,-536.1344,3
-2180.7524,-1611.7792,100.42464,1252.4218,352.2864,-835.213,1071.4397,-2905.6917,3
-2127.6426,-1777.8699,-661.9803,-1046.96,-1037.7418,3169.0837,-72.27127,372.4513,3
4380.6143,-52.89903,-2849.225,-751.9416,1524.7025,-362.22678,73.65197,-1567.684,3
3078.3245,-2719.7668,-1864.4816,-1775.5796,2073.1506,1892.5531,1537.85,-822.62897,3
-1660.7767,-3017.6724,-615.16504,734.45306,517.0339,-133.25287,962.51154,-1848.6852,3
2754.8284,-2678.4402,-2675.1033,-1540.7068,1771.5503,1869.5483,851.2928,-409.42438,3
-2920.747,446.31564,1406.2825,-461.42584,-3119.2651,1320.6833,-1328.958,-1000.9129,3
4558.254,-1696.0471,3650.8076,-1159.5706,-1925.8503,-1306.7866,-460.46353,-768.5489,3
3300.3982,-2435.6157,2390.7917,-2774.0837,-1090.3094,-2492.2688,174.18027,1069.0787,3
-2847.8745,-144.30684,1166.0968,-394.74612,-2578.654,1404.6942,-785.90765,-617.6976,3
-1383.0189,-3216.164,203.5862,7.722123,1127.613,-79.541306,1528.3873,-1122.9032,3
4498.2495,-1697.6232,3973.9968,1113.2664,-2654.289,-621.2536,820.2234,-604.13763,3
4370.458,1344.949,-2642.5444,1128.5042,-295.2715,-200.65553,-940.9381,-2017.4637,3
3122.3071,-2595.534,2346.812,-2931.9753,-1643.1328,-2561.721,-36.933723,1155.2699,3
4020.9822,-1906.6097,2925.808,-2560.5698,-1447.945,-2305.993,-288.5433,353.31958,3
1895.577,-3487.8457,1547.2379,-2214.4229,-490.0884,-2130.9675,1179.608,1367.264,3
-1656.0438,-1777.1002,-1327.0863,-1313.8711,-529.17224,3398.9785,-26.367529,617.2425,3
-2274.9841,-1893.233,-31.835674,1222.4191,502.33047,-516.344,1304.4785,-2866.1826,3
4653.8403,-1681.7625,3634.3647,-545.54254,-1866.9503,-1263.5924,-137.34273,-982.6927,3
-3181.4316,386.9004,1115.1532,-343.90518,-2973.6782,1390.8486,-1035.0288,-909.38794,3
-3060.899,407.30573,1456.4622,-275.58966,-3005.8066,1343.4448,-1291.1892,-1043.4891,3
-2885.0835,-317.8845,1334.7466,-482.93134,-2389.8767,1454.6914,-419.5081,-557.228,3
4459.7437,522.13385,-3060.062,-239.84996,931.43585,-507.99127,-605.0574,-1706.5709,3
-2419.417,-2483.8508,-373.6626,995.3117,695.68365,-158.34839,1237.8436,-2580.016,3
-1332.3193,-3392.9866,381.5974,-92.30796,1309.5172,-194.17632,2020.0677,-831.1942,3
4251.4014,2669.9443,-3018.2405,1815.8278,-1257.3054,-499.3714,-1335.9156,-1277.2299,3
1521.6184,-3211.1833,-2033.578,-1990.8179,1473.5941,3109.0334,763.496,298.95563,3
-2078.334,-843.2327,714.70917,1127.1818,-463.8674,-1748.2277,679.291,-2238.7063,3
-2909.2935,429.53125,706.39685,-218.25696,-2881.4065,1437.9305,-1290.2031,-1087.0164,3
-2554.5432,-1222.6746,284.5393,-711.9915,-1514.4236,2606.6467,-246.33011,-457.50302,3
-1907.3037,-174.76671,438.84634,696.4205,-656.80865,-1805.5024,55.646523,-1279.4174,3
3765.678,-2031.0696,2763.8853,-2719.3982,-1299.6223,-2401.8066,-143.93523,653.6034,3
4548.9287,2211.172,-2901.3818,538.8911,-99.63857,-983.9088,-1397.1039,-2142.8179,3
4424.3076,121.472664,-2171.0627,-102.17992,1400.9573,-23.266851,385.49155,-1977.2474,3
-2602.17,578.6027,541.9557,-577.5324,-2850.6694,1467.2963,-1222.8682,-854.07666,3
-1689.093,-1708.8516,-1230.3956,-1209.391,-772.2059,3249.4558,-148.79604,564.7808,3
910.4084,-3908.89,1113.1567,-1404.139,911.1859,-970.9683,1755.651,862.02026,3
4041.6538,-1150.1599,-3073.1296,-898.966,1623.2793,160.27539,362.0025,-1628.4247,3
-2319.84,-1477.2543,-251.92401,-839.4379,-1013.47095,3057.8025,-182.10167,-92.15899,3
-2383.4834,1073.9364,161.25261,-1427.4784,-2682.4075,1459.6316,-891.98047,-280.1422,3
4261.302,2324.7678,-2646.093,1473.6151,-198.78041,-653.17694,-969.0953,-1918.2091,3
-2661.0452,743.9272,512.86993,-998.9676,-2828.0303,1469.8845,-1196.4734,-711.6898,3
3333.5615,-2445.3616,2519.4998,-2894.7568,-1802.1738,-2426.576,-149.90503,1014.6927,3
4171.274,2201.2869,-2913.9187,1693.7167,-726.93097,-561.20325,-1230.6545,-1434.3939,3
-2309.796,1389.5891,-12.050107,-1746.0817,-2350.7256,1473.077,-634.1375,21.418167,3
-1419.6129,-2830.2295,67.58858,476.6393,848.7622,-253.47473,908.4376,-1408.578,3
-3127.5735,454.82297,938.9346,-272.77496,-2929.8567,1398.6781,-1171.241,-1007.5352,3
-1501.9381,-3028.7158,-454.77408,913.7073,679.60706,-27.762226,853.2077,-1878.4756,3
3793.446,-1489.3431,-2744.4128,-1330.6667,1724.0281,554.7686,668.39764,-1271.9235,3
-2235.0261,-1285.2931,592.9063,1320.1929,-253.24174,-1493.6682,840.7933,-2777.9573,3
1824.2405,-3394.2747,1665.9677,-2102.8,-573.7557,-1876.323,1128.9258,1273.3907,3
-1807.2042,-1715.7461,-1167.8198,-1496.8339,-457.08463,3460.8542,176.92609,770.51184,3
4258.5864,-414.16827,-3091.7832,-502.6547,1399.014,-276.71686,7.8467746,-1685.9058,3
-2953.804,-498.84473,1323.2552,-641.6895,-2177.422,1711.1012,-215.81184,-520.71454,3
4533.6655,1148.8324,-2913.3096,109.79466,980.27563,-818.56244,-804.2699,-1986.874,3
-2170.38,-1411.5181,520.8782,1382.4158,-65.0245,-1451.0219,881.8406,-2831.1282,3
-1260.751,-3267.6436,-394.8162,916.3713,818.5634,-56.41392,1046.7362,-1768.9022,3
-2742.9062,367.82352,1212.5378,-302.43317,-3040.2095,1228.0897,-1272.7479,-778.4512,3
-2374.5264,568.5823,885.1641,56.864983,-252.74379,-1459.2125,210.89111,-1061.5768,3
-1382.1984,-3128.9302,-379.7098,945.5581,747.8577,-77.09914,904.3096,-1834.3606,3
-1640.9993,-1778.7426,-1220.5725,-1187.0906,-428.79672,3506.6619,-122.15667,533.95276,3
-3180.4695,271.42715,1416.9232,-382.13458,-2724.15,1233.067,-748.8284,-656.0299,3
4557.893,-1735.1713,3865.5942,546.36633,-2252.3098,-936.7591,313.9454,-810.79504,3
-2183.6345,1017.49304,4.9725266,-1320.143,-2484.4968,1522.0288,-934.38324,-317.56897,3
-2239.2173,-1741.9052,-289.60123,-1103.2102,-1154.0514,3323.081,-65.651924,130.57533,3
1688.6216,-3348.4954,1384.7556,-1944.4542,-218.20166,-2180.8286,1124.6166,1176.3063,3
-2411.639,-60.98614,638.95404,-395.57938,-2526.6511,1264.205,-948.27856,-327.67966,3
4679.8896,-1723.9749,3835.5134,384.5614,-2066.4812,-485.23123,150.47351,-986.3317,3
3780.8604,-1384.671,3690.7854,2019.4968,-2947.626,-384.9794,1664.4633,298.67776,3
-2503.349,395.05826,604.14307,-334.47845,-2822.6926,1364.5404,-1440.3827,-912.1723,3
4160.9106,-1790.1145,3842.1082,-2161.2412,-1871.245,-1867.3428,-709.5334,-314.3421,3
4674.782,-1676.5426,3571.337,-491.82617,-1985.4597,-1066.8872,-231.94235,-983.83606,3
4650.595,-1682.3481,3586.511,-188.19775,-1928.602,-1085.9095,-98.32132,-990.0066,3
-2294.8574,-2195.0508,-257.5862,1063.6193,782.31573,-28.06531,1325.9131,-2615.732,3
4413.862,-1702.237,4323.723,1301.5583,-2788.5515,-577.936,1249.2946,-437.07025,3
-2445.0906,448.3695,829.86743,-188.96419,-2994.41,1269.9387,-1624.3789,-961.20306,3
4356.564,469.54166,-2605.4868,185.22566,1849.4733,72.80815,52.158127,-2572.1992,3
2434.0881,-3072.8887,-2161.7988,-1792.4136,1765.4878,2484.2712,1110.0117,-248.34996,3
3572.8542,-2405.016,3100.388,-2713.5566,-2013.1678,-1999.8312,-464.2349,741.4834,3
-2256.8096,-1030.828,1026.7684,1226.4016,11.754751,-1372.0347,907.73303,-2410.5947,3
-1324.8307,-3327.8367,71.186,84.64832,1300.9866,-168.16202,1875.0188,-1016.32263,3
-1037.0702,-1973.7684,-1235.3733,-1475.4706,-114.011055,3465.8064,187.9225,965.1751,3
4183.8926,-1855.7004,3007.7622,-2297.5684,-1550.9985,-2208.6462,-402.87555,102.62985,3
3779.4363,-2300.385,3062.5952,-2743.1074,-1966.0718,-2228.4133,-478.43988,611.2985,3
683.41956,-2329.4363,-2376.3364,-1804.7666,459.16364,2927.7085,-113.57014,1038.3782,3
-3228.0352,431.49487,1093.0793,-350.51352,-2969.492,1397.569,-1055.1372,-919.63184,3
-1700.1777,-1804.2426,-889.75037,-1465.115,-452.36902,3548.927,176.28569,807.1027,3
-2178.912,-2081.409,257.17947,1438.0815,550.75323,-506.7271,1024.1266,-2641.5442,3
1832.0676,-3131.0225,-2398.8237,-1806.5118,1830.7202,2692.924,962.34924,77.18892,3
-2256.6213,-1604.4362,384.62997,1317.4,129.51901,-1285.7557,958.55554,-2949.2756,3
-2409.8103,-1613.3318,223.6954,1168.4229,122.859375,-1207.3751,986.3793,-2906.111,3
3566.206,-2412.844,2803.2056,-2860.3833,-1924.8156,-2327.4485,-290.55908,857.1692,3
-2090.2512,-898.92,609.28326,925.8714,-281.122,-1398.3445,807.1229,-2429.8535,3
-2288.1626,1301.7089,57.45457,-1661.9305,-2376.3994,1516.1663,-833.11414,-187.1341,3
840.51276,-2529.8914,-2360.7368,-2097.3936,848.3049,3017.9048,203.65175,857.6535,3
4547.3394,-1622.6586,3496.5422,-771.3207,-1865.307,-875.5416,-453.74634,-775.5434,3
-1380.4788,-1780.855,-1443.8137,-1360.8536,-405.41068,3341.865,35.586086,742.9661,3
-2644.7065,721.3848,485.75742,-854.2901,-2921.902,1366.8992,-1208.9655,-656.62897,3
-2385.5342,-1088.2953,881.48,1177.3296,-369.5118,-1653.9834,966.25226,-2662.633,3
-1330.8206,-3202.1245,12.793423,138.73451,1072.1647,-104.504616,1347.0447,-1218.7432,3
-1761.2178,-275.776,636.14136,824.32166,-385.24084,-1667.4492,466.87488,-1491.9302,3
4653.6714,-1783.3317,4093.2705,236.74098,-2106.2573,-1032.9543,333.3717,-939.2265,3
-2360.096,512.42847,537.38446,-347.50586,-2856.649,1470.675,-1407.6196,-885.2802,3
-2707.8896,542.9892,504.13104,-588.77014,-2828.7207,1284.4751,-1290.3606,-844.77905,3
3877.6755,-2101.127,3287.263,-2479.3608,-1994.0999,-2310.1902,-704.26654,285.11325,3
3728.305,-2206.5942,3175.0337,-2397.2341,-1952.8495,-1790.4349,-671.23193,459.67255,3